Workbook
Name DocumentTitle: 'Cover Page'!$A$25
Name Print_Area_MI: #REF!
Name Print_Area_MI: #REF!
Name Print_Area_MI: #REF!
Name PROJDETAILS_PROJNO: LEFT('[1]Cover page'!$A$29,5)
Name ProjectTitle: 'Cover Page'!$A$27
Name PRUEBA: #N/A

Sheet Cover Page
A25: PROCESS CONTROL TABLES - FLOTATION (F16, F17, F18)
A27: KCGM GROWTH PROJECT
A29: 2000-F16-LST-PR-10001
A32: NORTHERN STAR RESOURCES LIMITED
A41: PRIMERO PROJECT NUMBER: 23517
A43: DATE | B43: REVISION | C43: STATUS | D43: PREPARED | E43: REVIEWED | F43: APPROVED
A44: 45492 | B44: 0 | C44: Issued for Design | D44: J. Jones | E44: E. Wilmot | F44: D. Moltoni
A45: 45532 | B45: 1 | C45: Reissued for Design | D45: J. Ho | E45: J. Jones | F45: D. Moltoni
A46: 45602 | B46: 2 | C46: Reissued for Design | D46: J. De Man | E46: F. Chua | F46: L. Stacey

Sheet Revisions
A1: PROCESS CONTROL TABLES
A2: REVISION HISTORY
A3: KCGM GROWTH PROJECT
A4: ='Cover Page'!A29 -> 2000-F16-LST-PR-10001
A5: ='Cover Page'!A32 -> NORTHERN STAR RESOURCES LIMITED
A7: Revision | C7: Document Changes | F7: Date
A8: A for Sequence Flowchart Review Only | C8: - Yellow highlight indicates TBC | F8: 45274
C9: - Does not include the remainder of the Process Control Tables
A11: B for Internal Review | C11: - Yellow highlight indicates TBC | F11: 45398
A14: C for Client Review | C14: - Yellow highlight indicates TBC | F14: 45440
A17: 0 for Design | C17: - Yellow highlight indicates TBC | F17: ='Cover Page'!A44 -> 45492
A20: 1 for Design | C20: - Yellow highlight indicates TBC | F20: 45532
C21: - Revision 2 changes highlighted in light orange
C22: - Revision aligns with Rev 0 P&IDs for Areas F16,17,18
A23: 2 for Design | C23: - Yellow highlight indicates TBC | F23: 45602
C24: - Revision 2 changes highlighted in light orange

Sheet TOC
A1: =ProjectTitle -> KCGM GROWTH PROJECT
A2: ='Cover Page'!DocumentTitle -> PROCESS CONTROL TABLES - FLOTATION (F16, F17, F18)
A3: ='Cover Page'!A29 -> 2000-F16-LST-PR-10001
B5: Table of Contents | F5: Total | G5: Complete (%) | K5: Alarms | L5: Priority | M5: Count | N5: % | S5: Abbreviations
B6: 1 | C6: Analogue Inputs | F6: ='1. Analogue Input'!E460 -> 451 | G6: 90 | K6: 1 | L6: Urgent (Critical Failure) | M6: =COUNTIF('13. Alarm Database'!L7:L653,"Urgent") -> 20 | N6: 100 | S6: FC | T6: Fail closed
B7: 2 | C7: Analogue Outputs | F7: ='2. Analogue Output'!E11 -> 2 | G7: 100 | K7: 2 | L7: High (Fault/Error) | M7: =COUNTIF('13. Alarm Database'!L7:L653,"High") -> 210 | N7: 100 | S7: FO | T7: Fail open
B8: 3 | C8: Digital Inputs | F8: ='3. Digital Input'!E489 -> 479 | G8: 100 | K8: 3 | L8: Low (Warning) | M8: =COUNTIF('13. Alarm Database'!L7:L653,"Low") -> 276 | N8: 100 | S8: FL | T8: Fail last
B9: 4 | C9: Digital Outputs | F9: ='4. Digital Output'!E28 -> 17 | G9: 100 | K9: 4 | L9: Information/Event (Logging) | M9: =COUNTIF('13. Alarm Database'!L7:L653,"Logging")+COUNTIF('13. Alarm Database'!L7:L653,"Logging \ Review the alarm for urgency (Incorrect Alarm Ranking)")+COUNTIF('13. Alarm Database'!L7:L653,"Low \ Review the alarm for urgency")+COUNTIF('13. Alarm Database'!L7:L653,"High \ Review the alarm for urgency")+COUNTIF('13. Alarm Database'!L7:L653,"Logging \ Review the alarm priority (Invalid Alarm Ranking)") -> 141 | N9: 100 | S9: LCP | T9: Local control panel
B10: 5 | C10: Totalisers | F10: ='5. Totalisers'!E15 -> 4 | G10: 100 | L10: Total | M10: =SUM(M6:M9) -> 647 | N10: 100 | S10: LCS | T10: Local control station
B11: 6 | C11: On/Off Valves | F11: ='6. OnOff Valves'!E183 -> 83 | G11: 100 | S11: A_Lo | T11: Low alarm
B12: 7 | C12: Control Valves | F12: ='7. Control Valves'!E54 -> 37 | G12: 100 | S12: A_Hi | T12: High alarm
B13: 8 | C13: PID Controllers | F13: ='8. PID Cont'!E62 -> 45 | G13: 100 | S13: A_LL | T13: Low-Low alarm
B14: 9 | C14: Drives & Interlocks | F14: ='9. Drives'!A889 -> 69 | G14: 98 | S14: A_HH | T14: High-High alarm
B15: 10 | C15: Sequences | F15: ='10. Sequence'!A13 -> 0 | G15: 100 | S15: P_Lo | T15: Low process switchpoint
B16: 11 | C16: Calculations | F16: ='11. Calculation'!A65 -> 15 | G16: 100 | S16: P_Hi | T16: High process switchpoint
B17: 12 | C17: Misc. | F17: ='12. Misc'!A47 -> 39 | G17: 100 | S17: P_LL | T17: Low-Low process switchpoint
E18: Total | F18: =SUM(F6:F17) -> 1241 | G18: 100 | S18: P_HH | T18: High-High process switchpoint
S19: OIT | T19: Operator interface terminal
S20: Range | T20: Instrument range
S21: SEQ | T21: Sequence
S22: TBA | T22: To be advised
S23: v | T23: Vendor controlled
S24: VTA | T24: Vendor to advise
S25: x | T25: PCS controlled

Sheet 1. Analogue Input
E1: KCGM GROWTH PROJECT
E2: PROCESS CONTROL TABLES - FLOTATION (F16, F17, F18)
E3: 2000-F16-LST-PR-10001
A4: ANALOGUE INSTRUMENTS (AI)
E5: Tag Source | F5: Tag Name | G5: P&ID | H5: Description | I5: Abbreviated Description (Faceplate) | K5: Range | N5: Process Switchpoints | Z5: Alarms | AH5: Alarm Priority
A6: Area | B6: Type | C6: Loop No. | D6: Suffix | J6: Trend (sec) | K6: Min | L6: Max | M6: Unit | N6: P_LL | O6: P_LL Delay ON (sec) | P6: P_LL Delay OFF (sec) | Q6: P_Lo | R6: P_Lo Delay ON (sec) | S6: P_Lo Delay OFF (sec) | T6: P_Hi | U6: P_Hi Delay ON (sec) | V6: P_Hi Delay OFF (sec) | W6: P_HH | X6: P_HH Delay ON (sec) | Y6: P_HH Delay OFF (sec) | Z6: A_LL | AA6: A_LL Delay (sec) | AB6: A_Lo | AC6: A_Lo Delay (sec) | AD6: A_Hi | AE6: A_Hi Delay (sec) | AF6: A_HH | AG6: A_HH Delay (sec) | AH6: A_LL | AI6: A_Lo | AJ6: A_Hi | AK6: A_HH | AL6: Alarm Masking Conditions | AM6: Comments | AN6: Rev
E7: FIT16001 | F7: FI16001 | G7: 2000-F16-PID-PR-10001 | H7: F16-CF-411 Rougher Flotation Cell 1 Process Water Flow Indicating Transmitter | I7: Flotation HP Prcss Water | J7: 1 | K7: 0 | L7: 700 | M7: m3/hr | AB7: 200 | AC7: 5 | AD7: 500 | AE7: 5 | AL7: DUTY F24PW417/418 NOT RUNNING | AM7: Alarm setpoints to be confirmed during commissioning. Alarm enabled delay of 20 seconds on HP Process Water Pump start-up (duration to be confirmed during commissioning). | AN7: C
E8: PIT16012 | F8: PI16012 | G8: 2000-F16-PID-PR-10001 | H8: F16-CF-411 Rougher Flotation Cell 1 Low Pressure Air Pressure Transmitter | I8: F16CF411 Blower Air | J8: 1 | K8: 0 | L8: 500 | M8: kPa(g) | AB8: 90 | AC8: 5 | AD8: 130 | AE8: 5 | AL8: Duty F16BW401 AND 402 AND 403 AND 404 NOT RUNNING | AM8: Nominal pressure: 104.5 kPa(g) Maximum pressure: 119.7 kPa(g) Alarm setpoints to be confirmed during commissioning. Alarm enabled delay of 10 seconds during blower start-up. | AN8: 0
E9: TT16014 | F9: TI16014 | G9: 2000-F16-PID-PR-10001 | H9: F16-CF-411 Rougher Flotation Cell 1 Gear Box Oil Temperature Transmitter | I9: F16CF411 G/Box Oil | J9: 1 | K9: -5 | L9: 300 | M9: °C | N9: 15 | O9: 5 | Q9: 23 | R9: 5 | T9: 55 | U9: 5 | W9: 65 | X9: 5 | AD9: 80 | AE9: 5 | AF9: 90 | AG9: 5 | AM9: Source: 2000-ME001.4-F16-50001 and 2000-ME001.4-M02-50001. Hysteresis of 5 degrees for Alarm High High. P_HH > F16-FN-497 turns on P_Hi < F16-FN-497 turns off P_Lo > F16-HT-562 and F16-HT-563 turns off P_LL < F16-HT-562 and F16-HT-563 turns on A_Hi > Alarm - inspection of gear unit required A_HH > F16-AG-421 trips | AN9: 1
E10: PT16015 | F10: PI16015 | G10: 2000-F16-PID-PR-10001 | H10: F16-CF-411 Rougher Flotation Cell 1 Gear Box Oil Pressure Transmitter | I10: F16CF411 G/Box Oil | J10: 1 | K10: 0 | L10: 1600 | M10: kPa(g) | Z10: 50 | AA10: 5 | AB10: 70 | AC10: 5 | AD10: 800 | AE10: 5 | AF10: 1000 | AG10: 5 | AM10: Source: 2000-ME001.4-M02-50001. A_HH > Unit shutdown. A_Hi > Alarm - inspection of gearbox required A_Lo < Alarm - inspection of gearbox required A_LL < Agitator Trip Alarm enabled delay of 10 seconds on start-up. | AN10: 0
E11: PDIT16018 | F11: PDI16018 | G11: 2000-F16-PID-PR-10001 | H11: F16-CF-411 Rougher Flotation Cell 1 Gear Box Filter Pressure Differential Transmitter | I11: F16CF411 G/Box Fltr Dlta | J11: 1 | K11: -100 | L11: 600 | M11: kPa(g) | AD11: 200 | AE11: 5 | AM11: Source: 2000-ME001.4-M02-50001. Alarm enabled delay of 10 seconds on agitator start-up. | AN11: 1
E12: VT16019 | F12: VI16019 | G12: 2000-F16-PID-PR-10001 | H12: F16-CF-411 Rougher Flotation Cell 1 Gear Box Vibration Transmitter | I12: F16CF411 G/Box | J12: 1 | K12: 0 | L12: 15 | M12: mm/s | AD12: 8 | AE12: 5 | AF12: 12 | AG12: 5 | AM12: Source: 2000-ME001.4-M02-50001. Alarm enabled delay of 10 seconds on agitator start-up. | AN12: 1
E13: VT16020 | F13: VI16020 | G13: 2000-F16-PID-PR-10001 | H13: F16-CF-411 Rougher Flotation Cell 1 Motor Vibration Transmitter | I13: F16CF411 Motor | J13: 1 | K13: 0 | L13: 15 | M13: mm/s | AD13: 4 | AE13: 5 | AF13: 7.1 | AG13: 5 | AM13: Source: 2000-ME001.4-M02-50001. Alarm enabled delay of 10 seconds on agitator start-up. | AN13: 1
E14: PIT16052 | F14: PI16052 | G14: 2000-F16-PID-PR-10002 | H14: F16-CF-412 Rougher Flotation Cell 2 Low Pressure Air Pressure Transmitter | I14: F16CF412 Blower Air | J14: 1 | K14: 0 | L14: 500 | M14: kPa(g) | AB14: 90 | AC14: 5 | AD14: 130 | AE14: 5 | AL14: Duty F16BW401 AND 402 AND 403 AND 404 NOT RUNNING | AM14: Nominal pressure: 104.5 kPa(g) Maximum pressure: 119.7 kPa(g) Alarm setpoints to be confirmed during commissioning. Alarm enabled delay of 10 seconds during blower start-up. | AN14: 0
E15: TT16054 | F15: TI16054 | G15: 2000-F16-PID-PR-10002 | H15: F16-CF-412 Rougher Flotation Cell 2 Gear Box Oil Temperature Transmitter | I15: F16CF412 G/Box Oil | J15: 1 | K15: -5 | L15: 300 | M15: °C | N15: 15 | O15: 5 | Q15: 23 | R15: 5 | T15: 55 | U15: 5 | W15: 65 | X15: 5 | AD15: 80 | AE15: 5 | AF15: 90 | AG15: 5 | AM15: Source: 2000-ME001.4-F16-50001 and 2000-ME001.4-M02-50001. Hysteresis of 5 degrees for Alarm High High. P_HH > F16-FN-498 turns on P_Hi < F16-FN-498 turns off P_Lo > F16-HT-564 and F16-HT-565 turns off P_LL < F16-HT-564 and F16-HT-565 turns on A_Hi > Alarm - inspection of gear unit required A_HH > F16-AG-422 trips | AN15: 1
E16: PT16055 | F16: PI16055 | G16: 2000-F16-PID-PR-10002 | H16: F16-CF-412 Rougher Flotation Cell 2 Gear Box Oil Pressure Transmitter | I16: F16CF412 G/Box Oil | J16: 1 | K16: 0 | L16: 1600 | M16: kPa | Z16: 50 | AA16: 5 | AB16: 70 | AC16: 5 | AD16: 800 | AE16: 5 | AF16: 1000 | AG16: 5 | AM16: Source: 2000-ME001.4-M02-50001. A_HH > Unit shutdown. A_Hi > Alarm - inspection of gearbox required A_Lo < Alarm - inspection of gearbox required A_LL < Agitator Trip Alarm enabled delay of 10 seconds on start-up. | AN16: B
E17: PDIT16058 | F17: PDI16058 | G17: 2000-F16-PID-PR-10002 | H17: F16-CF-412 Rougher Flotation Cell 2 Gear Box Filter Pressure Differential Transmitter | I17: F16CF412 G/Box Fltr Dlta | J17: 1 | K17: -100 | L17: 600 | M17: kPa(g) | AD17: 200 | AE17: 5 | AM17: Source: 2000-ME001.4-M02-50001. Alarm enabled delay of 10 seconds on agitator start-up. | AN17: 1
E18: VT16059 | F18: VI16059 | G18: 2000-F16-PID-PR-10002 | H18: F16-CF-412 Rougher Flotation Cell 2 Gear Box Vibration Transmitter | I18: F16CF412 G/Box | J18: 1 | K18: 0 | L18: 15 | M18: mm/s | AD18: 8 | AE18: 5 | AF18: 12 | AG18: 5 | AM18: Source: 2000-ME001.4-M02-50001. Alarm enabled delay of 10 seconds on agitator start-up. | AN18: 1
E19: VT16060 | F19: VI16060 | G19: 2000-F16-PID-PR-10002 | H19: F16-CF-412 Rougher Flotation Cell 2 Motor Vibration Transmitter | I19: F16CF412 Motor | J19: 1 | K19: 0 | L19: 15 | M19: mm/s | AD19: 4 | AE19: 5 | AF19: 7.1 | AG19: 5 | AM19: Source: 2000-ME001.4-M02-50001. Alarm enabled delay of 10 seconds on agitator start-up. | AN19: 1
E20: PIT16062 | F20: PI16062 | G20: 2000-F16-PID-PR-10002 | H20: F16-CF-413 Rougher Flotation Cell 3 Low Pressure Air Pressure Transmitter | I20: F16CF413 Blower Air | J20: 1 | K20: 0 | L20: 500 | M20: kPa(g) | AB20: 90 | AC20: 5 | AD20: 130 | AE20: 5 | AL20: Duty F16BW401 AND 402 AND 403 AND 404 NOT RUNNING | AM20: Nominal pressure: 104.5 kPa(g) Maximum pressure: 119.7 kPa(g) Alarm setpoints to be confirmed during commissioning. Alarm enabled delay of 10 seconds during blower start-up. | AN20: 0
E21: TT16064 | F21: TI16064 | G21: 2000-F16-PID-PR-10002 | H21: F16-CF-413 Rougher Flotation Cell 3 Gear Box Oil Temperature Transmitter | I21: F16CF413 G/Box Oil | J21: 1 | K21: -5 | L21: 300 | M21: °C | N21: 15 | O21: 5 | Q21: 23 | R21: 5 | T21: 55 | U21: 5 | W21: 65 | X21: 5 | AD21: 80 | AE21: 5 | AF21: 90 | AG21: 5 | AM21: Source: 2000-ME001.4-F16-50001 and 2000-ME001.4-M02-50001. Hysteresis of 5 degrees for Alarm High High. P_HH >= F16-FN-499 turns on P_Hi <= F16-FN-499 turns off P_Lo >= F16-HT-566 and F16-HT-567 turns off P_LL <= F16-HT-566 and F16-HT-567 turns on A_Hi >= Alarm - inspection of gear unit required A_HH >= F16-AG-423 trips | AN21: 1
E22: PT16065 | F22: PI16065 | G22: 2000-F16-PID-PR-10002 | H22: F16-CF-413 Rougher Flotation Cell 3 Gear Box Oil Pressure Transmitter | I22: F16CF413 G/Box Oil | J22: 1 | K22: 0 | L22: 1600 | M22: kPa | Z22: 50 | AA22: 5 | AB22: 70 | AC22: 5 | AD22: 800 | AE22: 5 | AF22: 1000 | AG22: 5 | AM22: Source: 2000-ME001.4-M02-50001. A_HH > Unit shutdown. A_Hi > Alarm - inspection of gearbox required A_Lo < Alarm - inspection of gearbox required A_LL < Agitator Trip Alarm enabled delay of 10 seconds on start-up. | AN22: B
E23: PDIT16068 | F23: PDI16068 | G23: 2000-F16-PID-PR-10002 | H23: F16-CF-413 Rougher Flotation Cell 3 Gear Box Filter Pressure Differential Transmitter | I23: F16CF413 G/Box Fltr Dlta | J23: 1 | K23: -100 | L23: 600 | M23: kPa(g) | AD23: 200 | AE23: 5 | AM23: Source: 2000-ME001.4-M02-50001. Alarm enabled delay of 10 seconds on agitator start-up. | AN23: 1
E24: VT16069 | F24: VI16069 | G24: 2000-F16-PID-PR-10002 | H24: F16-CF-413 Rougher Flotation Cell 3 Gear Box Vibration Transmitter | I24: F16CF413 G/Box | J24: 1 | K24: 0 | L24: 15 | M24: mm/s | AD24: 8 | AE24: 5 | AF24: 12 | AG24: 5 | AM24: Source: 2000-ME001.4-M02-50001. Alarm enabled delay of 10 seconds on agitator start-up. | AN24: 1
E25: VT16070 | F25: VI16070 | G25: 2000-F16-PID-PR-10002 | H25: F16-CF-413 Rougher Flotation Cell 3 Motor Vibration Transmitter | I25: F16CF413 Motor | J25: 1 | K25: 0 | L25: 15 | M25: mm/s | AD25: 4 | AE25: 5 | AF25: 7.1 | AG25: 5 | AM25: Source: 2000-ME001.4-M02-50001. Alarm enabled delay of 10 seconds on agitator start-up. | AN25: 1
E26: PIT16082 | F26: PI16082 | G26: 2000-F16-PID-PR-10003 | H26: F16-CF-414 Scavenger Flotation Cell 1 Low Pressure Air Pressure Indicating Transmitter | I26: F16CF414 Blower Air | J26: 1 | K26: 0 | L26: 500 | M26: kPa(g) | AB26: 90 | AC26: 5 | AD26: 130 | AE26: 5 | AL26: Duty F16BW401 AND 402 AND 403 AND 404 NOT RUNNING | AM26: Nominal pressure: 104.5 kPa(g) Maximum pressure: 119.7 kPa(g) Alarm setpoints to be confirmed during commissioning. Alarm enabled delay of 10 seconds during blower start-up. | AN26: 0
E27: TT16084 | F27: TI16084 | G27: 2000-F16-PID-PR-10003 | H27: F16-CF-414 Scavenger Flotation Cell 1 Gear Box Oil Temperature Transmitter | I27: F16CF414 G/Box Oil | J27: 1 | K27: -5 | L27: 300 | M27: °C | N27: 15 | O27: 5 | Q27: 23 | R27: 5 | T27: 55 | U27: 5 | W27: 65 | X27: 5 | AD27: 80 | AE27: 5 | AF27: 90 | AG27: 5 | AM27: Source: 2000-ME001.4-F16-50001 and 2000-ME001.4-M02-50001. Hysteresis of 5 degrees for Alarm High High. P_HH > F16-FN-500 turns on P_Hi < F16-FN-500 turns off P_Lo > F16-HT-568 and F16-HT-569 turns off P_LL < F16-HT-568 and F16-HT-569 turns on A_Hi > Alarm - inspection of gear unit required A_HH > F16-AG-424 trips | AN27: 1
E28: PT16085 | F28: PI16085 | G28: 2000-F16-PID-PR-10003 | H28: F16-CF-414 Scavenger Flotation Cell 1 Gear Box Oil Pressure Transmitter | I28: F16CF414 G/Box Oil | J28: 1 | K28: 0 | L28: 1600 | M28: kPa | Z28: 50 | AA28: 5 | AB28: 70 | AC28: 5 | AD28: 800 | AE28: 5 | AF28: 1000 | AG28: 5 | AM28: Source: 2000-ME001.4-M02-50001. A_HH > Unit shutdown. A_Hi > Alarm - inspection of gearbox required A_Lo < Alarm - inspection of gearbox required A_LL < Agitator Trip Alarm enabled delay of 10 seconds on start-up. | AN28: C
E29: PDIT16088 | F29: PDI16088 | G29: 2000-F16-PID-PR-10003 | H29: F16-CF-414 Scavenger Flotation Cell 1 Gear Box Filter Pressure Differential Transmitter | I29: F16CF414 G/Box Fltr Dlta | J29: 1 | K29: -100 | L29: 600 | M29: kPa(g) | AD29: 200 | AE29: 5 | AM29: Source: 2000-ME001.4-M02-50001. Alarm enabled delay of 10 seconds on agitator start-up. | AN29: 1
E30: VT16089 | F30: VI16089 | G30: 2000-F16-PID-PR-10003 | H30: F16-CF-414 Scavenger Flotation Cell 1 Gear Box Vibration Transmitter | I30: F16CF414 G/Box | J30: 1 | K30: 0 | L30: 15 | M30: mm/s | AD30: 8 | AE30: 5 | AF30: 12 | AG30: 5 | AM30: Source: 2000-ME001.4-M02-50001. Alarm enabled delay of 10 seconds on agitator start-up. | AN30: 1
E31: VT16090 | F31: VI16090 | G31: 2000-F16-PID-PR-10003 | H31: F16-CF-414 Scavenger Flotation Cell 1 Motor Vibration Transmitter | I31: F16CF414 Motor | J31: 1 | K31: 0 | L31: 15 | M31: mm/s | AD31: 4 | AE31: 5 | AF31: 7.1 | AG31: 5 | AM31: Source: 2000-ME001.4-M02-50001. Alarm enabled delay of 10 seconds on agitator start-up. | AN31: 1
E32: PIT16092 | F32: PI16092 | G32: 2000-F16-PID-PR-10003 | H32: F16-CF-415 Scavenger Flotation Cell 2 Low Pressure Air Pressure Indicating Transmitter | I32: F16CF415 Blower Air | J32: 1 | K32: 0 | L32: 500 | M32: kPa(g) | AB32: 90 | AC32: 5 | AD32: 130 | AE32: 5 | AL32: Duty F16BW401 AND 402 AND 403 AND 404 NOT RUNNING | AM32: Nominal pressure: 104.5 kPa(g) Maximum pressure: 119.7 kPa(g) Alarm setpoints to be confirmed during commissioning. Alarm enabled delay of 10 seconds during blower start-up. | AN32: 0
E33: TT16094 | F33: TI16094 | G33: 2000-F16-PID-PR-10003 | H33: F16-CF-415 Scavenger Flotation Cell 2 Gear Box Oil Temperature Transmitter | I33: F16CF415 G/Box Oil | J33: 1 | K33: -5 | L33: 300 | M33: °C | N33: 15 | O33: 5 | Q33: 23 | R33: 5 | T33: 55 | U33: 5 | W33: 65 | X33: 5 | AD33: 80 | AE33: 5 | AF33: 90 | AG33: 5 | AM33: Source: 2000-ME001.4-F16-50001 and 2000-ME001.4-M02-50001. Hysteresis of 5 degrees for Alarm High High. P_HH > F16-FN-501 turns on P_Hi < F16-FN-501 turns off P_Lo > F16-HT-570 and F16-HT-571 turns off P_LL < F16-HT-570 and F16-HT-571 turns on A_Hi > Alarm - inspection of gear unit required A_HH > F16-AG-425 trips | AN33: 1
E34: PT16095 | F34: PI16095 | G34: 2000-F16-PID-PR-10003 | H34: F16-CF-415 Scavenger Flotation Cell 2 Gear Box Oil Pressure Transmitter | I34: F16CF415 G/Box Oil | J34: 1 | K34: 0 | L34: 1600 | M34: kPa | Z34: 50 | AA34: 5 | AB34: 70 | AC34: 5 | AD34: 800 | AE34: 5 | AF34: 1000 | AG34: 5 | AM34: Source: 2000-ME001.4-M02-50001. A_HH > Unit shutdown. A_Hi > Alarm - inspection of gearbox required A_Lo < Alarm - inspection of gearbox required A_LL < Agitator Trip Alarm enabled delay of 10 seconds on start-up. | AN34: C
E35: PDIT16098 | F35: PDI16098 | G35: 2000-F16-PID-PR-10003 | H35: F16-CF-415 Scavenger Flotation Cell 2 Gear Box Filter Pressure Differential Transmitter | I35: F16CF415 G/Box Fltr Dlta | J35: 1 | K35: -100 | L35: 600 | M35: kPa(g) | AD35: 200 | AE35: 5 | AM35: Source: 2000-ME001.4-M02-50001. Alarm enabled delay of 10 seconds on agitator start-up. | AN35: 1
E36: VT16099 | F36: VI16099 | G36: 2000-F16-PID-PR-10003 | H36: F16-CF-415 Scavenger Flotation Cell 2 Gear Box Vibration Transmitter | I36: F16CF415 G/Box | J36: 1 | K36: 0 | L36: 15 | M36: mm/s | AD36: 8 | AE36: 5 | AF36: 12 | AG36: 5 | AM36: Source: 2000-ME001.4-M02-50001. Alarm enabled delay of 10 seconds on agitator start-up. | AN36: 1
E37: VT16100 | F37: VI16100 | G37: 2000-F16-PID-PR-10003 | H37: F16-CF-415 Scavenger Flotation Cell 2 Motor Vibration Transmitter | I37: F16CF415 Motor | J37: 1 | K37: 0 | L37: 15 | M37: mm/s | AD37: 4 | AE37: 5 | AF37: 7.1 | AG37: 5 | AM37: Source: 2000-ME001.4-M02-50001. Alarm enabled delay of 10 seconds on agitator start-up. | AN37: 1
E38: PIT16102 | F38: PI16102 | G38: 2000-F16-PID-PR-10003 | H38: F16-CF-416 Scavenger Flotation Cell 3 Low Pressure Air Pressure Indicating Transmitter | I38: F16CF416 Blower Air | J38: 1 | K38: 0 | L38: 500 | M38: kPa(g) | AB38: 90 | AC38: 5 | AD38: 130 | AE38: 5 | AL38: Duty F16BW401 AND 402 AND 403 AND 404 NOT RUNNING | AM38: Nominal pressure: 104.5 kPa(g) Maximum pressure: 119.7 kPa(g) Alarm setpoints to be confirmed during commissioning. Alarm enabled delay of 10 seconds during blower start-up. | AN38: 0
E39: TT16104 | F39: TI16104 | G39: 2000-F16-PID-PR-10003 | H39: F16-CF-416 Scavenger Flotation Cell 3 Gear Box Oil Temperature Transmitter | I39: F16CF416 G/Box Oil | J39: 1 | K39: -5 | L39: 300 | M39: °C | N39: 15 | O39: 5 | Q39: 23 | R39: 5 | T39: 55 | U39: 5 | W39: 65 | X39: 5 | AD39: 80 | AE39: 5 | AF39: 90 | AG39: 5 | AM39: Source: 2000-ME001.4-F16-50001 and 2000-ME001.4-M02-50001. Hysteresis of 5 degrees for Alarm High High. P_HH > F16-FN-502 turns on P_Hi < F16-FN-502 turns off P_Lo > F16-HT-572 and F16-HT-573 turns off P_LL < F16-HT-572 and F16-HT-573 turns on A_Hi > Alarm - inspection of gear unit required A_HH > F16-AG-426 trips | AN39: 1
E40: PT16105 | F40: PI16105 | G40: 2000-F16-PID-PR-10003 | H40: F16-CF-416 Scavenger Flotation Cell 3 Gear Box Oil Pressure Transmitter | I40: F16CF416 G/Box Oil | J40: 1 | K40: 0 | L40: 1600 | M40: kPa | Z40: 50 | AA40: 5 | AB40: 70 | AC40: 5 | AD40: 800 | AE40: 5 | AF40: 1000 | AG40: 5 | AM40: Source: 2000-ME001.4-M02-50001. A_HH > Unit shutdown. A_Hi > Alarm - inspection of gearbox required A_Lo < Alarm - inspection of gearbox required A_LL < Agitator Trip Alarm enabled delay of 10 seconds on start-up. | AN40: C
E41: PDIT16108 | F41: PDI16108 | G41: 2000-F16-PID-PR-10003 | H41: F16-CF-416 Scavenger Flotation Cell 3 Gear Box Filter Pressure Differential Transmitter | I41: F16CF416 G/Box Fltr Dlta | J41: 1 | K41: -100 | L41: 600 | M41: kPa(g) | AD41: 200 | AE41: 5 | AM41: Source: 2000-ME001.4-M02-50001. Alarm enabled delay of 10 seconds on agitator start-up. | AN41: 1
E42: VT16109 | F42: VI16109 | G42: 2000-F16-PID-PR-10003 | H42: F16-CF-416 Scavenger Flotation Cell 3 Gear Box Vibration Transmitter | I42: F16CF416 G/Box | J42: 1 | K42: 0 | L42: 15 | M42: mm/s | AD42: 8 | AE42: 5 | AF42: 12 | AG42: 5 | AM42: Source: 2000-ME001.4-M02-50001. Alarm enabled delay of 10 seconds on agitator start-up. | AN42: 1
E43: VT16110 | F43: VI16110 | G43: 2000-F16-PID-PR-10003 | H43: F16-CF-416 Scavenger Flotation Cell 3 Motor Vibration Transmitter | I43: F16CF416 Motor | J43: 1 | K43: 0 | L43: 15 | M43: mm/s | AD43: 4 | AE43: 5 | AF43: 7.1 | AG43: 5 | AM43: Source: 2000-ME001.4-M02-50001. Alarm enabled delay of 10 seconds on agitator start-up. | AN43: 1
E44: PIT16112 | F44: PI16112 | G44: 2000-F16-PID-PR-10003 | H44: F16-CF-417 Scavenger Flotation Cell 4 Low Pressure Air Pressure Indicating Transmitter | I44: F16CF417 Blower Air | J44: 1 | K44: 0 | L44: 500 | M44: kPa(g) | AB44: 90 | AC44: 5 | AD44: 130 | AE44: 5 | AL44: Duty F16BW401 AND 402 AND 403 AND 404 NOT RUNNING | AM44: Nominal pressure: 104.5 kPa(g) Maximum pressure: 119.7 kPa(g) Alarm setpoints to be confirmed during commissioning. Alarm enabled delay of 10 seconds during blower start-up. | AN44: 0
E45: TT16114 | F45: TI16114 | G45: 2000-F16-PID-PR-10003 | H45: F16-CF-417 Scavenger Flotation Cell 4 Gear Box Temperature Transmitter | I45: F16CF417 G/Box Oil | J45: 1 | K45: -5 | L45: 300 | M45: °C | N45: 15 | O45: 5 | Q45: 23 | R45: 5 | T45: 55 | U45: 5 | W45: 65 | X45: 5 | AD45: 80 | AE45: 5 | AF45: 90 | AG45: 5 | AM45: Source: 2000-ME001.4-F16-50001 and 2000-ME001.4-M02-50001. Hysteresis of 5 degrees for Alarm High High. P_HH > F16-FN-503 turns on P_Hi < F16-FN-503 turns off P_Lo > F16-HT-574 and F16-HT-575 turns off P_LL < F16-HT-574 and F16-HT-575 turns on A_Hi > Alarm - inspection of gear unit required A_HH > F16-AG-427 trips | AN45: 1
E46: PT16115 | F46: PI16115 | G46: 2000-F16-PID-PR-10003 | H46: F16-CF-417 Scavenger Flotation Cell 4 Gear Box Pressure Transmitter | I46: F16CF417 G/Box Oil | J46: 1 | K46: 0 | L46: 1600 | M46: kPa | Z46: 50 | AA46: 5 | AB46: 70 | AC46: 5 | AD46: 800 | AE46: 5 | AF46: 1000 | AG46: 5 | AM46: Source: 2000-ME001.4-M02-50001. A_HH > Unit shutdown. A_Hi > Alarm - inspection of gearbox required A_Lo < Alarm - inspection of gearbox required A_LL < Agitator Trip Alarm enabled delay of 10 seconds on start-up. | AN46: C
E47: PDIT16118 | F47: PDI16118 | G47: 2000-F16-PID-PR-10003 | H47: F16-CF-417 Scavenger Flotation Cell 4 Gear Box Filter Pressure Differential Transmitter | I47: F16CF417 G/Box Fltr Dlta | J47: 1 | K47: -100 | L47: 600 | M47: kPa(g) | AD47: 200 | AE47: 5 | AM47: Source: 2000-ME001.4-M02-50001. Alarm enabled delay of 10 seconds on agitator start-up. | AN47: 1
E48: VT16119 | F48: VI16119 | G48: 2000-F16-PID-PR-10003 | H48: F16-CF-417 Scavenger Flotation Cell 4 Gear Box Vibration Transmitter | I48: F16CF417 G/Box | J48: 1 | K48: 0 | L48: 15 | M48: mm/s | AD48: 8 | AE48: 5 | AF48: 12 | AG48: 5 | AM48: Source: 2000-ME001.4-M02-50001. Alarm enabled delay of 10 seconds on agitator start-up. | AN48: 1
E49: VT16120 | F49: VI16120 | G49: 2000-F16-PID-PR-10003 | H49: F16-CF-417 Scavenger Flotation Cell 4 Motor Vibration Transmitter | I49: F16CF417 Motor | J49: 1 | K49: 0 | L49: 15 | M49: mm/s | AD49: 4 | AE49: 5 | AF49: 7.1 | AG49: 5 | AM49: Source: 2000-ME001.4-M02-50001. Alarm enabled delay of 10 seconds on agitator start-up. | AN49: 1
E50: PT16182 | F50: PI16182 | G50: 2000-F24-PID-PR-10008 | H50: F16-RA-402 Flotation/Thickener Air Receiver Outlet Pressure Indicating Transmitter | I50: F16RA402 Discharge | J50: 1 | K50: 0 | L50: 1100 | M50: kPa | AB50: 600 | AC50: 5 | AD50: 1000 | AE50: 5 | AH50: Mask A_Lo alarm when F24-CM-401, 402 AND 403 are stopped Mask A_Lo for 30 seconds (TBC) during start up | AI50: N | AJ50: A_Hi = Warning A_Lo = Warning Normal operating = 9.8 bar Maximum operating pressure = 10 bar Minimum system outlet pressure = 6 bar Minimum receiver pressure = XX bar Nominal values and alarm setpoints to be confirmed during commissioning | AK50: 0 | AL50: Mask A_Lo alarm when F24-CM-401, 402 AND 403 are stopped Mask A_Lo for 30 seconds during start up. Duration to be confirmed during commissioning. | AM50: A_Hi = Warning A_Lo = Warning Normal operating = 9.8 bar Maximum operating pressure = 10 bar Minimum system outlet pressure = 6 bar Nominal values and alarm setpoints to be confirmed during commissioning. | AN50: 0
E51: TE16198A | F51: TI16198A | G51: 2000-F16-PID-PR-10006 | H51: F16-BW-401 Flotation Blower 1 Motor Phase U RTD | I51: F16BW401 Motor P.U RTD | J51: 1 | K51: -5 | L51: 200 | M51: °C | AD51: 130 | AE51: 5 | AF51: 155 | AG51: 5 | AM51: Source: Vendor document 2000-ME001.4-M02-50001. A_Hi = Alarm A_HH = Trip F16-BW-401 | AN51: 1
E52: TE16198B | F52: TI16198B | G52: 2000-F16-PID-PR-10006 | H52: F16-BW-401 Flotation Blower 1 Motor Phase V RTD | I52: F16BW401 Motor P.V RTD | J52: 1 | K52: -5 | L52: 200 | M52: °C | AD52: 130 | AE52: 5 | AF52: 155 | AG52: 5 | AM52: Source: Vendor document 2000-ME001.4-M02-50001. A_Hi = Alarm A_HH = Trip F16-BW-401 | AN52: 1
E53: TE16198C | F53: TI16198C | G53: 2000-F16-PID-PR-10006 | H53: F16-BW-401 Flotation Blower 1 Motor Phase W RTD | I53: F16BW401 Motor P.W RTD | J53: 1 | K53: -5 | L53: 200 | M53: °C | AD53: 130 | AE53: 5 | AF53: 155 | AG53: 5 | AM53: Source: Vendor document 2000-ME001.4-M02-50001. A_Hi = Alarm A_HH = Trip F16-BW-401 | AN53: 1
E54: TE16198D | F54: TI16198D | G54: 2000-F16-PID-PR-10006 | H54: F16-BW-401 Flotation Blower 1 Motor DE Bearing RTD | I54: F16BW401 Mtr DE Brg RTD | J54: 1 | K54: -5 | L54: 200 | M54: °C | AD54: 90 | AE54: 5 | AF54: 110 | AG54: 5 | AM54: Source: Vendor document 2000-ME001.4-M02-50001. A_Hi = Alarm A_HH = Trip F16-BW-401 | AN54: 1
E55: TE16198E | F55: TI16198E | G55: 2000-F16-PID-PR-10006 | H55: F16-BW-401 Flotation Blower 1 Motor NDE Bearing RTD | I55: F16BW401 Mtr NDE Brg RTD | J55: 1 | K55: -5 | L55: 200 | M55: °C | AD55: 90 | AE55: 5 | AF55: 110 | AG55: 5 | AM55: Source: Vendor document 2000-ME001.4-M02-50001. A_Hi = Alarm A_HH = Trip F16-BW-401 | AN55: 1
E56: PT16261 | F56: PI16261 | G56: 2000-F16-PID-PR-10006 | H56: F16-BW-401 Flotation Blower 1 Inlet Pressure Indicating Transmitter | I56: F16BW401 Blower 1 Inlet | J56: 1 | K56: -100 | L56: 150 | M56: kPa(g) | Z56: -8 | AA56: 5 | AB56: -6 | AC56: 5 | AL56: F16BW401 NOT RUNNING | AM56: Source: Vendor document 2000-ME001.4-M02-50001. A_Hi = Alarm A_HH = F16-BW-401 Trip | AN56: 1
E57: TT16263 | F57: TI16263 | G57: 2000-F16-PID-PR-10006 | H57: F16-BW-401 Flotation Blower 1 Outlet Temperature Transmitter | I57: F16BW401 Blower 1 Outlet | J57: 1 | K57: -50 | L57: 200 | M57: °C | AD57: 172 | AE57: 5 | AF57: 177 | AG57: 5 | AM57: Source: Vendor document 2000-ME001.4-M02-50001. A_Hi = Alarm A_HH = Trip F16-BW-401 | AN57: C
E58: TT16264 | F58: TI16264 | G58: 2000-F16-PID-PR-10006 | H58: F16-BW-401 Flotation Blower 1 Gearbox Temperature Transmitter | I58: F16BW401 Blower 1 G/Box | J58: 1 | K58: -50 | L58: 200 | M58: °C | AD58: 113 | AE58: 5 | AF58: 118 | AG58: 5 | AM58: Source: Vendor document: 2000-ME001.4-M02-50001. A_Hi = Alarm A_HH = Trip F16-BW-401 | AN58: C
E59: TT16265 | F59: TI16265 | G59: 2000-F16-PID-PR-10006 | H59: F16-BW-401 Flotation Blower 1 Temperature Transmitter | I59: F16BW401 Blower 1 | J59: 1 | K59: -50 | L59: 200 | M59: °C | AD59: 50 | AE59: 5 | AF59: 52 | AG59: 5 | AM59: Blower 1 enclosure temperature. Source: Vendor document 2000-ME001.4-M02-50001. A_Hi = Alarm A_HH = Trip F16-BW-401 | AN59: C
E60: TE16208A | F60: TI16208A | G60: 2000-F16-PID-PR-10006 | H60: F16-BW-402 Flotation Blower 2 Motor Phase U RTD | I60: F16BW402 Motor P.U RTD | J60: 1 | K60: -5 | L60: 200 | M60: °C | AD60: 130 | AE60: 5 | AF60: 155 | AG60: 5 | AM60: Source: Vendor document 2000-ME001.4-M02-50001. A_Hi = Alarm A_HH = Trip F16-BW-402 | AN60: C
E61: TE16208B | F61: TI16208B | G61: 2000-F16-PID-PR-10006 | H61: F16-BW-402 Flotation Blower 2 Motor Phase V RTD | I61: F16BW402 Motor P.V RTD | J61: 1 | K61: -5 | L61: 200 | M61: °C | AD61: 130 | AE61: 5 | AF61: 155 | AG61: 5 | AM61: Source: Vendor document 2000-ME001.4-M02-50001. A_Hi = Alarm A_HH = Trip F16-BW-402 | AN61: C
E62: TE16208C | F62: TI16208C | G62: 2000-F16-PID-PR-10006 | H62: F16-BW-402 Flotation Blower 2 Motor Phase W RTD | I62: F16BW402 Motor P.W RTD | J62: 1 | K62: -5 | L62: 200 | M62: °C | AD62: 130 | AE62: 5 | AF62: 155 | AG62: 5 | AM62: Source: Vendor document 2000-ME001.4-M02-50001. A_Hi = Alarm A_HH = Trip F16-BW-402 | AN62: C
E63: TE16208D | F63: TI16208D | G63: 2000-F16-PID-PR-10006 | H63: F16-BW-402 Flotation Blower 2 Motor DE Bearing RTD | I63: F16BW402 DE Bearing RTD | J63: 1 | K63: -5 | L63: 200 | M63: °C | AD63: 90 | AE63: 5 | AF63: 110 | AG63: 5 | AM63: Source: Vendor document 2000-ME001.4-M02-50001. A_Hi = Alarm A_HH = Trip F16-BW-402 | AN63: 1
E64: TE16208E | F64: TI16208E | G64: 2000-F16-PID-PR-10006 | H64: F16-BW-402 Flotation Blower 2 Motor NDE Bearing RTD | I64: F16BW402 NDE Bearing RTD | J64: 1 | K64: -5 | L64: 200 | M64: °C | AD64: 90 | AE64: 5 | AF64: 110 | AG64: 5 | AM64: Source: Vendor document 2000-ME001.4-M02-50001. A_Hi = Alarm A_HH = Trip F16-BW-402 | AN64: 1
E65: PT16271 | F65: PI16271 | G65: 2000-F16-PID-PR-10006 | H65: F16-BW-402 Flotation Blower 2 Inlet Pressure Indicating Transmitter | I65: F16BW402 Blower 2 Inlet | J65: 1 | K65: -100 | L65: 150 | M65: kPa(g) | Z65: -8 | AA65: 5 | AB65: -6 | AC65: 5 | AL65: F16BW402 NOT RUNNING | AM65: Source: Vendor document 2000-ME001.4-M02-50001. A_Hi = Alarm A_HH = F16-BW-402 Trip | AN65: 1
E66: TT16273 | F66: TI16273 | G66: 2000-F16-PID-PR-10006 | H66: F16-BW-402 Flotation Blower 2 Outlet Temperature Transmitter | I66: F16BW402 Blower 2 Outlet | J66: 1 | K66: -50 | L66: 200 | M66: °C | AD66: 172 | AE66: 5 | AF66: 177 | AG66: 5 | AM66: Source: Vendor document 2000-ME001.4-M02-50001. A_Hi = Alarm A_HH = Trip F16-BW-402 | AN66: C
E67: TT16274 | F67: TI16274 | G67: 2000-F16-PID-PR-10006 | H67: F16-BW-402 Flotation Blower 2 Gearbox Temperature Transmitter | I67: F16BW402 Blower 2 G/Box | J67: 1 | K67: -50 | L67: 200 | M67: °C | AD67: 113 | AE67: 5 | AF67: 118 | AG67: 5 | AM67: Source: Vendor document: 2000-ME001.4-M02-50001. A_Hi = Alarm A_HH = Trip F16-BW-402 | AN67: C
E68: TT16275 | F68: TI16275 | G68: 2000-F16-PID-PR-10006 | H68: F16-BW-402 Flotation Blower 2 Temperature Transmitter | I68: F16BW402 Blower 2 | J68: 1 | K68: -50 | L68: 200 | M68: °C | AD68: 50 | AE68: 5 | AF68: 52 | AG68: 5 | AM68: Blower 2 enclosure temperature. Source: Vendor document 2000-ME001.4-M02-50001. A_Hi = Alarm A_HH = Trip F16-BW-402 | AN68: C
E69: TE16218A | F69: TI16218A | G69: 2000-F16-PID-PR-10006 | H69: F16-BW-403 Flotation Blower 3 Motor Phase U RTD | I69: F16BW403 Motor P.U RTD | J69: 1 | K69: -5 | L69: 200 | M69: °C | AD69: 130 | AE69: 5 | AF69: 155 | AG69: 5 | AM69: Source: Vendor document 2000-ME001.4-M02-50001. A_Hi = Alarm A_HH = Trip F16-BW-403 | AN69: C
E70: TE16218B | F70: TI16218B | G70: 2000-F16-PID-PR-10006 | H70: F16-BW-403 Flotation Blower 3 Motor Phase V RTD | I70: F16BW403 Motor P.V RTD | J70: 1 | K70: -5 | L70: 200 | M70: °C | AD70: 130 | AE70: 5 | AF70: 155 | AG70: 5 | AM70: Source: Vendor document 2000-ME001.4-M02-50001. A_Hi = Alarm A_HH = Trip F16-BW-403 | AN70: C
E71: TE16218C | F71: TI16218C | G71: 2000-F16-PID-PR-10006 | H71: F16-BW-403 Flotation Blower 3 Motor Phase W RTD | I71: F16BW403 Motor P.W RTD | J71: 1 | K71: -5 | L71: 200 | M71: °C | AD71: 130 | AE71: 5 | AF71: 155 | AG71: 5 | AM71: Source: Vendor document 2000-ME001.4-M02-50001. A_Hi = Alarm A_HH = Trip F16-BW-403 | AN71: C
E72: TE16218D | F72: TI16218D | G72: 2000-F16-PID-PR-10006 | H72: F16-BW-403 Flotation Blower 3 Motor DE Bearing RTD | I72: F16BW403 DE Bearing RTD | J72: 1 | K72: -5 | L72: 200 | M72: °C | AD72: 90 | AE72: 5 | AF72: 110 | AG72: 5 | AM72: Source: Vendor document 2000-ME001.4-M02-50001. A_Hi = Alarm A_HH = Trip F16-BW-403 | AN72: 1
E73: TE16218E | F73: TI16218E | G73: 2000-F16-PID-PR-10006 | H73: F16-BW-403 Flotation Blower 3 Motor NDE Bearing RTD | I73: F16BW403 NDE Bearing RTD | J73: 1 | K73: -5 | L73: 200 | M73: °C | AD73: 90 | AE73: 5 | AF73: 110 | AG73: 5 | AM73: Source: Vendor document 2000-ME001.4-M02-50001. A_Hi = Alarm A_HH = Trip F16-BW-403 | AN73: 1
E74: PT16281 | F74: PI16281 | G74: 2000-F16-PID-PR-10006 | H74: F16-BW-403 Flotation Blower 3 Inlet Pressure Indicating Transmitter | I74: F16BW403 Blower 3 Inlet | J74: 1 | K74: -100 | L74: 150 | M74: kPa(g) | Z74: -8 | AA74: 5 | AB74: -6 | AC74: 5 | AL74: F16BW403 NOT RUNNING | AM74: Source: Vendor document 2000-ME001.4-M02-50001. A_Hi = Alarm A_HH = F16-BW-403 Trip | AN74: 1
E75: TT16283 | F75: TI16283 | G75: 2000-F16-PID-PR-10006 | H75: F16-BW-403 Flotation Blower 3 Outlet Temperature Transmitter | I75: F16BW403 Blower 3 Outlet | J75: 1 | K75: -50 | L75: 200 | M75: °C | AD75: 172 | AE75: 5 | AF75: 177 | AG75: 5 | AM75: Source: Vendor document 2000-ME001.4-M02-50001. A_Hi = Alarm A_HH = Trip F16-BW-403 | AN75: C
E76: TT16284 | F76: TI16284 | G76: 2000-F16-PID-PR-10006 | H76: F16-BW-403 Flotation Blower 3 Gearbox Temperature Transmitter | I76: F16BW403 Blower 3 G/Box | J76: 1 | K76: -50 | L76: 200 | M76: °C | AD76: 113 | AE76: 5 | AF76: 118 | AG76: 5 | AM76: Source: Vendor document: 2000-ME001.4-M02-50001. A_Hi = Alarm A_HH = Trip F16-BW-403 | AN76: C
E77: TT16285 | F77: TI16285 | G77: 2000-F16-PID-PR-10006 | H77: F16-BW-403 Flotation Blower 3 Temperature Transmitter | I77: F16BW403 Blower 3 | J77: 1 | K77: -50 | L77: 200 | M77: °C | AD77: 50 | AE77: 5 | AF77: 52 | AG77: 5 | AM77: Blower 3 enclosure temperature. Source: Vendor document 2000-ME001.4-M02-50001. A_Hi = Alarm A_HH = Trip F16-BW-403 | AN77: C
E78: TE16228A | F78: TA16228A | G78: 2000-F16-PID-PR-10006 | H78: F16-BW-404 Flotation Blower 4 Motor Phase U RTD | I78: F16BW404 Motor P.U RTD | J78: 1 | K78: -5 | L78: 200 | M78: °C | AD78: 130 | AE78: 5 | AF78: 155 | AG78: 5 | AM78: Source: Vendor document 2000-ME001.4-M02-50001. A_Hi = Alarm A_HH = Trip F16-BW-404 | AN78: C
E79: TE16228B | F79: TI16228B | G79: 2000-F16-PID-PR-10006 | H79: F16-BW-404 Flotation Blower 4 Motor Phase V RTD | I79: F16BW404 Motor P.V RTD | J79: 1 | K79: -5 | L79: 200 | M79: °C | AD79: 130 | AE79: 5 | AF79: 155 | AG79: 5 | AM79: Source: Vendor document 2000-ME001.4-M02-50001. A_Hi = Alarm A_HH = Trip F16-BW-404 | AN79: C
E80: TE16228C | F80: TI16228C | G80: 2000-F16-PID-PR-10006 | H80: F16-BW-404 Flotation Blower 4 Motor Phase W RTD | I80: F16BW404 Motor P.W RTD | J80: 1 | K80: -5 | L80: 200 | M80: °C | AD80: 130 | AE80: 5 | AF80: 155 | AG80: 5 | AM80: Source: Vendor document 2000-ME001.4-M02-50001. A_Hi = Alarm A_HH = Trip F16-BW-404 | AN80: C
E81: TE16228D | F81: TI16228D | G81: 2000-F16-PID-PR-10006 | H81: F16-BW-404 Flotation Blower 4 Motor DE Bearing RTD | I81: F16BW404 Mtr DE Brg RTD | J81: 1 | K81: -5 | L81: 200 | M81: °C | AD81: 90 | AE81: 5 | AF81: 110 | AG81: 5 | AM81: Source: Vendor document 2000-ME001.4-M02-50001. A_Hi = Alarm A_HH = Trip F16-BW-404 | AN81: 1
E82: TE16228E | F82: TI16228E | G82: 2000-F16-PID-PR-10006 | H82: F16-BW-404 Flotation Blower 4 Motor NDE Bearing RTD | I82: F16BW404 Mtr NDE Brg RTD | J82: 1 | K82: -5 | L82: 200 | M82: °C | AD82: 90 | AE82: 5 | AF82: 110 | AG82: 5 | AM82: Source: Vendor document 2000-ME001.4-M02-50001. A_Hi = Alarm A_HH = Trip F16-BW-404 | AN82: 1
E83: PT16291 | F83: PI16291 | G83: 2000-F16-PID-PR-10006 | H83: F16-BW-404 Flotation Blower 4 Inlet Pressure Indicating Transmitter | I83: F16BW404 Blower 4 Inlet | J83: 1 | K83: -100 | L83: 150 | M83: kPa(g) | Z83: -8 | AA83: 5 | AB83: -6 | AC83: 5 | AL83: F16BW404 NOT RUNNING | AM83: Source: Vendor document 2000-ME001.4-M02-50001. A_Hi = Alarm A_HH = F16-BW-404 Trip | AN83: 1
E84: TT16293 | F84: TI16293 | G84: 2000-F16-PID-PR-10006 | H84: F16-BW-404 Flotation Blower 4 Outlet Temperature Transmitter | I84: F16BW404 Blower 4 Outlet | J84: 1 | K84: -50 | L84: 200 | M84: °C | AD84: 172 | AE84: 5 | AF84: 177 | AG84: 5 | AM84: Source: Vendor document 2000-ME001.4-M02-50001. A_Hi = Alarm A_HH = Trip F16-BW-404 | AN84: C
E85: TT16294 | F85: TI16294 | G85: 2000-F16-PID-PR-10006 | H85: F16-BW-404 Flotation Blower 4 Gearbox Temperature Transmitter | I85: F16BW404 Blower 4 G/Box | J85: 1 | K85: -50 | L85: 200 | M85: °C | AD85: 113 | AE85: 5 | AF85: 118 | AG85: 5 | AM85: Source: Vendor document: 2000-ME001.4-M02-50001. A_Hi = Alarm A_HH = Trip F16-BW-404 | AN85: C
E86: TT16295 | F86: TI16295 | G86: 2000-F16-PID-PR-10006 | H86: F16-BW-404 Flotation Blower 4 Temperature Transmitter | I86: F16BW404 Blower 4 | J86: 1 | K86: -50 | L86: 200 | M86: °C | AD86: 50 | AE86: 5 | AF86: 52 | AG86: 5 | AM86: Blower 4 enclosure temperature. Source: Vendor document 2000-ME001.4-M02-50001. A_Hi = Alarm A_HH = Trip F16-BW-404 | AN86: C
E87: PT17002 | F87: PI17002 | G87: 2000-F17-PID-PR-10001 | H87: Flotation Tailings Thickener Water Monitors Pressure Indicating Transmitter | I87: F17TH401 Water Monitors | J87: 1 | K87: 0 | L87: 1000 | M87: kPa | AN87: 1
E88: ZIT17013 | F88: ZI17013 | G88: 2000-F17-PID-PR-10001 | H88: F17-TH-401 Flotation Tailings Thickener Rake Lift Position Transmitter | I88: F17TH401 Rake Lift Posn | J88: 1 | K88: 0 | L88: 100 | M88: % | AN88: B
E89: NIT17030 | F89: NI17030 | G89: 2000-F17-PID-PR-10001 | H89: F17-TH-401 Flotation Tailings Thickener Rake Torque Indicating Transmitter | I89: F17TH401 Rake Torque | J89: 1 | K89: 0 | L89: 100 | M89: % (kPa) | Q89: 30 (6123) | R89: 5 | T89: 40 (8163) | U89: 5 | AD89: 50 (10204) | AE89: 5 | AF89: 85 (17347) | AG89: 5 | AM89: Rake lift sequence initiated on P_Hi. To be logging alarm to DCS. On A_Hi. Feed off. UF Pumps = 100% VSD. Rake trips on >= A_HH. See torque calibrations table (Table 2) on 2000-ME001.5-M02-50001 for conversions of kPa to percent or alarm setpoints in brackets to the left. | AN89: C
E90: AIT17019 | F90: AI17019 | G90: 2000-F17-PID-PR-10001 | H90: F17-TH-401 Flotation Tailings Thickener Overflow Turbidity Indicating Transmitter | I90: F17TH401 O/F Turbidity | J90: 1 | K90: 0 | L90: 1000 | M90: NTU | AD90: 180 | AE90: 5 | AF90: 200 | AG90: 5 | AM90: Alarm setpoints to be confirmed during commissioning. | AN90: C
E91: FIT17105 | F91: FI17105 | G91: 2000-F24-PID-PR-10003 | H91: F17-PP-455 Flotation Tailings Thickener Underflow Pump 1 Gland Water Flow Indicating Transmitter | I91: F17PP455 Gland | J91: 1 | K91: 0 | L91: 3000 | M91: L/hr | Z91: 1000 | AA91: 5 | AB91: 1400 | AC91: 5 | AL91: F17PP455 NOT RUNNING | AM91: Source: 2000-CAL-ME-007. Minimum: 1.6 m3/h. Alarm setpoints to be confirmed during commissioning. Alarm enabled delay of 10 seconds (to be confirmed during commissioning) on pump start-up. | AN91: C
E92: FIT17115 | F92: FI17115 | G92: 2000-F24-PID-PR-10003 | H92: F17-PP-456 Flotation Tailings Thickener Underflow Pump 2 Gland Water Flow Indicating Transmitter | I92: F17PP456 Gland | J92: 1 | K92: 0 | L92: 3000 | M92: L/hr | Z92: 1000 | AA92: 5 | AB92: 1400 | AC92: 5 | AL92: F17PP456 NOT RUNNING | AM92: Source: 2000-CAL-ME-007. Minimum: 1.6 m3/h. Alarm setpoints to be confirmed during commissioning. Alarm enabled delay of 10 seconds (to be confirmed during commissioning) on pump start-up. | AN92: C
E93: F17CALC0002 | F93: WI17121 | G93: 2000-F17-PID-PR-10002 | H93: Flotation Tailings Thickener Underflow Pumps Discharge Dry Solids | I93: F17TH401 UF Dry Solids | J93: 1 | K93: 0 | L93: 4000 | M93: t/h | AM93: Maximum: 3410 t/h. | AN93: 2
E94: PIT17122 | F94: PI17122 | G94: 2000-F17-PID-PR-10002 | H94: Flotation Tailings Thickener Underflow Pumps Discharge Pressure Indicating Transmitter | I94: F17PP455/456 Discharge | J94: 1 | K94: 0 | L94: 1000 | M94: kPa | AD94: 330 | AE94: 5 | AF94: 350 | AG94: 5 | AL94: F17PP455 AND 456 NOT RUNNING | AM94: Alarm setpoints to be confirmed during commissioning. Alarm enabled delay of 10 seconds (to be confirmed during commissioning) on pump start-up. | AN94: B
E95: F17CALC0003 | F95: WI17127 | G95: 2000-F17-PID-PR-10002 | H95: Flotation Tailings Thickener Underflow Pumps Discharge Dry Solids to CIL2 Feed Box | I95: F17TH401 UF CIL2 Solids | J95: 1 | K95: 0 | L95: 2000 | M95: t/h | Z95: 200 | AA95: 5 | AB95: 400 | AC95: 5 | AL95: F17PP455 AND 456 NOT RUNNING | AM95: Alarm setpoints to be confirmed during commissioning. Alarm enabled delay of 10 seconds (to be confirmed during commissioning) on pump start-up. | AN95: 2
E96: F17CALC0004 | F96: WI17128 | G96: 2000-F17-PID-PR-10002 | H96: Flotation Tailings Thickener Underflow Pumps Discharge Dry Solids to CIL3 Feed Box | I96: F17TH401 UF CIL3 Solids | J96: 1 | K96: 0 | L96: 2000 | M96: t/h | Z96: 200 | AA96: 5 | AB96: 400 | AC96: 5 | AL96: F17PP455 AND 456 NOT RUNNING | AM96: Alarm setpoints to be confirmed during commissioning. Alarm enabled delay of 10 seconds (to be confirmed during commissioning) on pump start-up. | AN96: 2
E97: F17CALC0005 | F97: FI17130 | G97: 2000-F17-PID-PR-10002 | H97: Flotation Tailings Thickener Underflow Pumps Discharge Dry Solids to CIL3 Feed Box | I97: F17TH401 UF Final Tails | J97: 1 | K97: 0 | L97: 5000 | M97: m3/hr | Z97: 800 | AA97: 5 | AB97: 1200 | AC97: 5 | AL97: F17PP455 AND 456 NOT RUNNING | AM97: Alarm setpoints to be confirmed during commissioning. Alarm enabled delay of 10 seconds (to be confirmed during commissioning) on pump start-up. | AN97: 2
E98: F17CALC0006 | F98: WI17130 | G98: 2000-F17-PID-PR-10002 | H98: Flotation Tailings Thickener Underflow Pumps Discharge Dry Solids to Final Tails Tank | I98: F17TH401 UF Final Tails | J98: 1 | K98: 0 | L98: 2500 | M98: t/h | Z98: 200 | AA98: 5 | AB98: 500 | AC98: 5 | AL98: F17PP455 AND 456 NOT RUNNING | AM98: Alarm setpoints to be confirmed during commissioning. Nominal: 1376 t/h. | AN98: 2
E99: FIT18027 | F99: FI18027 | G99: 2000-F18-PID-PR-10001 | H99: F18-PP-407/408 Final Concentrate Pumps Discharge Flow Indicating Transmitter | I99: F18PP407/8 Final Con D/C | J99: 1 | K99: 0 | L99: 650 | M99: m3/hr | Z99: 50 | AA99: 5 | AB99: 90 | AC99: 5 | AD99: 380 | AE99: 5 | AL99: F18PP407 AND 408 NOT RUNNING | AM99: Alarm setpoints to be confirmed during commissioning. Alarm enabled delay of 10 seconds (to be confirmed during commissioning) on pump start-up. | AN99: C
E100: F18CALC0002 | F100: DNI18027 | G100: 2000-F18-PID-PR-10001 | H100: F18-PP-407/408 Final Concentrate Pumps Discharge Density Indicating Transmitter | I100: F18PP407/408 D/C Solids | J100: 1 | K100: 0 | L100: 100 | M100: %w/w | AD100: 35 | AE100: 5 | AF100: 40 | AG100: 5 | AL100: F17PP407 AND 408 NOT RUNNING | AM100: Minimum: 22.24% Nominal/Max: 25% Alarm enabled delay of 10 seconds (to be confirmed during commissioning) on pump start-up. | AN100: 2
...

Sheet 2. Analogue Output
E1: =ProjectTitle -> KCGM GROWTH PROJECT
E2: ='Cover Page'!DocumentTitle -> PROCESS CONTROL TABLES - FLOTATION (F16, F17, F18)
E3: ='Cover Page'!A29 -> 2000-F16-LST-PR-10001
E4: ANALOGUE INSTRUMENTS (AO)
E5: Tag Source | F5: Tag Name | G5: P&ID | H5: Description | I5: Abbreviated Description (Faceplate) | K5: Range
A6: Area | B6: Type | C6: Loop No. | D6: Suffix | J6: Trend (sec) | K6: Min | L6: Max | M6: Unit | N6: Comments | O6: Rev
E7: ZC16001 | F7: ZY16001 | G7: 2000-F16-PID-PR-10001 | H7: F16-CF-411 Rougher Flotation Cell 1 Process Water Flow Control Valve Position Control | I7: F16CF411 PW FCV | J7: 1 | K7: 0 | L7: 100 | M7: % | O7: 2
E8: ZC17130 | F8: ZY17130 | G8: 2000-F17-PID-PR-10002 | H8: F17-PP-455/456 Flotation Tailings Thickener Underflow Pump 1/2 Discharge to Final Tails Tank | I8: F17TH401 UF - FinalTails | J8: 1 | K8: 0 | L8: 100 | M8: % | O8: 2
E9: DO NOT DELETE THIS ROW INSERT NEW ROWS ABOVE
E11: =COUNTA(E7:E8) -> 2 | F11: =COUNTA(F7:F8) -> 2

Sheet 3. Digital Input
E1: KCGM GROWTH PROJECT
E2: PROCESS CONTROL TABLES - FLOTATION (F16, F17, F18) | J2: *SOFTWARE DEBOUNCE IS REQUIRED ON ALL DIGITAL INSTRUMENTS (NO HARDWARE DEBOUNCE)*
E3: 2000-F16-LST-PR-10001
E4: DIGITAL INSTRUMENTS (DI)
A6: Area | B6: Type | C6: Loop No. | D6: Suffix | E6: Tag Source | F6: Tag Name | G6: P&ID | H6: Description | I6: Abbreviated Description (Faceplate) | J6: State 0 | K6: State 1 | L6: Alarm State | M6: Source | N6: Alarm Priority | O6: Alarm Delay (secs) | P6: Alarm Masking Conditions | Q6: Comments | R6: Rev
E7: F18RIO001PS2 | F7: F18RIO001_PS2 | G7: 2000-F18-PID-PR-10001 | H7: F18-RIO-001 PS2 24VDC HEALTHY | I7: F18RIO001 PS2 24VDC | J7: Alarm | K7: Normal | L7: Alarm | M7: Hardwired | O7: 0 | R7: 2
E8: F18RIO001PS1 | F8: F18RIO001_PS1 | G8: 2000-F18-PID-PR-10001 | H8: F18-RIO-001 PS1 24VDC HEALTHY | I8: F18RIO001 PS1 24VDC | J8: Alarm | K8: Normal | L8: Alarm | M8: Hardwired | O8: 0 | R8: 2
E9: ZS17010 | F9: ZA17010 | G9: 2000-F17-PID-PR-10001 | H9: F17-TH-401 Flotation Tailings Thickener Rake Drive Position Switch | I9: F17TH401 Thickener Rake | J9: Off | K9: On | M9: Hardwired | R9: 2
E10: F17RIO002PS2 | F10: F17RIO002_PS2 | G10: 2000-F17-PID-PR-10001 | H10: F17-RIO-002 PS2 24VDC HEALTHY | I10: F17RIO002 PS2 24VDC | J10: Alarm | K10: Normal | L10: Alarm | M10: Hardwired | O10: 0 | R10: 2
E11: F17RIO002PS1 | F11: F17RIO002_PS1 | G11: 2000-F17-PID-PR-10001 | H11: F17-RIO-002 PS1 24VDC HEALTHY | I11: F17RIO002 PS1 24VDC | J11: Alarm | K11: Normal | L11: Alarm | M11: Hardwired | O11: 0 | R11: 2
E12: F16RIO002PS2 | F12: F16RIO002_PS2 | G12: 2000-F16-PID-PR-10001 | H12: F16-RIO-002 PS2 24VDC HEALTHY | I12: F16RIO002 PS2 24VDC | J12: Alarm | K12: Normal | L12: Alarm | M12: Hardwired | O12: 0 | R12: 2
E13: F16RIO002PS1 | F13: F16RIO002_PS1 | G13: 2000-F16-PID-PR-10001 | H13: F16-RIO-002 PS1 24VDC HEALTHY | I13: F16RIO002 PS1 24VDC | J13: Alarm | K13: Normal | L13: Alarm | M13: Hardwired | O13: 0 | R13: 2
E14: F16SW104Q1TRP | F14: F16SW104Q1_TR | G14: 2000-F16-PID-PR-10001 | H14: F16-SW-104 Mains Supply CB Tripped | I14: F16SW104 Breaker Trip | J14: Alarm | K14: Normal | L14: Alarm | M14: Hardwired | O14: 0 | R14: 2
E15: F16SW104Q1CL | F15: F16SW104_Q1CL | G15: 2000-F16-PID-PR-10001 | H15: F16-SW-104 Mains Supply CB Closed | I15: F16SW104 Breaker Closed | J15: Alarm | K15: Normal | M15: Hardwired | R15: 2
E16: F16SW104SD | F16: F16SW104_SD | G16: 2000-F16-PID-PR-10001 | H16: F16-SW-104 Surge Diverter Ok | I16: F16SW104 Surge Diverter | J16: Alarm | K16: Normal | L16: Alarm | M16: Hardwired | O16: 0 | R16: 2
E17: F16SW011OP | F17: F16SW011_OP | G17: N/A | H17: Flotation 11kV Switchboard Remote Switching Panel Breaker Opened | I17: Flot 11kV SB Rem Break O | J17: Alarm | K17: Normal | M17: Hardwired | R17: 2
E18: F16SW011CL | F18: F16SW011_CL | G18: N/A | H18: Flotation 11kV Switchboard Remote Switching Panel Breaker Closed | I18: Flot 11kV SB Rem Break C | J18: Alarm | K18: Normal | M18: Hardwired | R18: 2
E19: F16SR001ESTP | F19: F16SR001_ESTP | G19: N/A | H19: Flotation 11kV Switchroom Emergency Shutdown Healthy | I19: Flot 11kV SR E Shut | J19: Alarm | K19: Normal | L19: Alarm | M19: Hardwired | O19: 0 | R19: 2
E20: F16FIP002ISL | F20: F16FIP002_ISL | G20: 2000-F16-PID-PR-10001 | H20: F16-FIP-002 Isolated | I20: F16FIP002 Isolate | J20: Alarm | K20: Normal | L20: Alarm | M20: Hardwired | O20: 0 | R20: 2
E21: F17RIO001PS2 | F21: F17RIO001_PS2 | G21: 2000-F16-PID-PR-10001 | H21: F17-RIO-001 PS2 24VDC HEALTHY | I21: F17RIO002 PS1 24VDC | J21: Alarm | K21: Normal | L21: Alarm | M21: Hardwired | O21: 0 | R21: 2
E22: F16SW104Q2CL | F22: F16SW104_Q2CL | G22: 2000-F16-PID-PR-10001 | H22: F16-SW-104 Generator Supply CB Closed | I22: F16SW104 Gen CB Closed | J22: Alarm | K22: Normal | M22: Hardwired | R22: 2
E23: F17RIO001PS1 | F23: F17RIO001_PS1 | G23: 2000-F16-PID-PR-10001 | H23: F17-RIO-001 PS1 24VDC HEALTHY | I23: F17RIO001 PS1 24VDC | J23: Alarm | K23: Normal | L23: Alarm | M23: Hardwired | O23: 0 | R23: 2
E24: F16AN403S2XRS | F24: F16AN403S2XR | G24: 2000-F16-PID-PR-10006 | H24: F16-AN-403 Onstream Sulphur Analyser Stream 2 Sample X-Ray Active | I24: F16AN403 S2 X-Ray | J24: Inactive | K24: Active | M24: Softag | Q24: Status bit = 07 Bit map for analyser status word. Tag naming convention to be replicated for all streams. Refer to 2000-SPC-CS-11001 Onstream Sulphur Analyser Modbus Map for details. | R24: 2
E25: F16AN403S3XRS | F25: F16AN403S3XR | G25: 2000-F16-PID-PR-10007 | H25: F16-AN-403 Onstream Sulphur Analyser Stream 3 Sample X-Ray Active | I25: F16AN403 S3 X-Ray | J25: Inactive | K25: Active | M25: Softag | Q25: Status bit = 07 Bit map for analyser status word. Tag naming convention to be replicated for all streams. Refer to 2000-SPC-CS-11001 Onstream Sulphur Analyser Modbus Map for details. | R25: 2
E26: F16AN403S1XRS | F26: F16AN403S1XR | G26: 2000-F16-PID-PR-10005 | H26: F16-AN-403 Onstream Sulphur Analyser Stream 1 Sample X-Ray Active | I26: F16AN403 S1 X-Ray | J26: Inactive | K26: Active | M26: Softag | Q26: Status bit = 07 Bit map for analyser status word. Tag naming convention to be replicated for all streams. Refer to 2000-SPC-CS-11001 Onstream Sulphur Analyser Modbus Map for details. | R26: 2
E27: F16AN403S1MRS | F27: F16AN403S1MR | G27: 2000-F16-PID-PR-10005 | H27: F16-AN-403 Onstream Sulphur Analyser Stream 1 Sample Measurement Result Not Ok | I27: F16AN403 S1 Results Flt | J27: Inactive | K27: Active | L27: Active | M27: Softag | O27: 3 | Q27: Status bit = 08 Bit map for analyser status word. Tag naming convention to be replicated for all streams. Refer to 2000-SPC-CS-11001 Onstream Sulphur Analyser Modbus Map for details. | R27: 2
E28: F16AN403S12XS | F28: F16AN403S12XR | G28: 2000-F16-PID-PR-10016 | H28: F16-AN-403 Onstream Sulphur Analyser Stream 12 Sample X-Ray Active | I28: F16AN403 S12 X-Ray | J28: Inactive | K28: Active | M28: Softag | Q28: Status bit = 07 Bit map for analyser status word. Tag naming convention to be replicated for all streams. Refer to 2000-SPC-CS-11001 Onstream Sulphur Analyser Modbus Map for details. | R28: 2
E29: F16AN403S11XS | F29: F16AN403S11XR | G29: 2000-F16-PID-PR-10015 | H29: F16-AN-403 Onstream Sulphur Analyser Stream 11 Sample X-Ray Active | I29: F16AN403 S11 X-Ray | J29: Inactive | K29: Active | M29: Softag | Q29: Status bit = 07 Bit map for analyser status word. Tag naming convention to be replicated for all streams. Refer to 2000-SPC-CS-11001 Onstream Sulphur Analyser Modbus Map for details. | R29: 2
E30: F16AN403S4MRS | F30: F16AN403S4MR | G30: 2000-F16-PID-PR-10008 | H30: F16-AN-403 Onstream Sulphur Analyser Stream 4 Sample Measurement Result Not Ok | I30: F16AN403 S4 Results Flt | J30: Inactive | K30: Active | L30: Active | M30: Softag | O30: 3 | Q30: Status bit = 08 Bit map for analyser status word. Tag naming convention to be replicated for all streams. Refer to 2000-SPC-CS-11001 Onstream Sulphur Analyser Modbus Map for details. | R30: 2
E31: F16AN403S3MRS | F31: F16AN403S3MR | G31: 2000-F16-PID-PR-10007 | H31: F16-AN-403 Onstream Sulphur Analyser Stream 3 Sample Measurement Result Not Ok | I31: F16AN403 S3 Results Flt | J31: Inactive | K31: Active | L31: Active | M31: Softag | O31: 3 | Q31: Status bit = 08 Bit map for analyser status word. Tag naming convention to be replicated for all streams. Refer to 2000-SPC-CS-11001 Onstream Sulphur Analyser Modbus Map for details. | R31: 2
E32: F16AN403S9XRS | F32: F16AN403S9XR | G32: 2000-F16-PID-PR-10013 | H32: F16-AN-403 Onstream Sulphur Analyser Stream 9 Sample X-Ray Active | I32: F16AN403 S9 X-Ray | J32: Inactive | K32: Active | M32: Softag | Q32: Status bit = 07 Bit map for analyser status word. Tag naming convention to be replicated for all streams. Refer to 2000-SPC-CS-11001 Onstream Sulphur Analyser Modbus Map for details. | R32: 2
E33: F16AN403S10XS | F33: F16AN403S10XR | G33: 2000-F16-PID-PR-10014 | H33: F16-AN-403 Onstream Sulphur Analyser Stream 10 Sample X-Ray Active | I33: F16AN403 S10 X-Ray | J33: Inactive | K33: Active | M33: Softag | Q33: Status bit = 07 Bit map for analyser status word. Tag naming convention to be replicated for all streams. Refer to 2000-SPC-CS-11001 Onstream Sulphur Analyser Modbus Map for details. | R33: 2
E34: F16AN403S6XRS | F34: F16AN403S6XR | G34: 2000-F16-PID-PR-10010 | H34: F16-AN-403 Onstream Sulphur Analyser Stream 6 Sample X-Ray Active | I34: F16AN403 S6 X-Ray | J34: Inactive | K34: Active | M34: Softag | Q34: Status bit = 07 Bit map for analyser status word. Tag naming convention to be replicated for all streams. Refer to 2000-SPC-CS-11001 Onstream Sulphur Analyser Modbus Map for details. | R34: 2
E35: F16AN403S4XRS | F35: F16AN403S4XR | G35: 2000-F16-PID-PR-10008 | H35: F16-AN-403 Onstream Sulphur Analyser Stream 4 Sample X-Ray Active | I35: F16AN403 S4 X-Ray | J35: Inactive | K35: Active | M35: Softag | Q35: Status bit = 07 Bit map for analyser status word. Tag naming convention to be replicated for all streams. Refer to 2000-SPC-CS-11001 Onstream Sulphur Analyser Modbus Map for details. | R35: 2
E36: F16AN403S5XRS | F36: F16AN403S5XR | G36: 2000-F16-PID-PR-10009 | H36: F16-AN-403 Onstream Sulphur Analyser Stream 5 Sample X-Ray Active | I36: F16AN403 S5 X-Ray | J36: Inactive | K36: Active | M36: Softag | Q36: Status bit = 07 Bit map for analyser status word. Tag naming convention to be replicated for all streams. Refer to 2000-SPC-CS-11001 Onstream Sulphur Analyser Modbus Map for details. | R36: 2
E37: F16AN403S7XRS | F37: F16AN403S7XR | G37: 2000-F16-PID-PR-10011 | H37: F16-AN-403 Onstream Sulphur Analyser Stream 7 Sample X-Ray Active | I37: F16AN403 S7 X-Ray | J37: Inactive | K37: Active | M37: Softag | Q37: Status bit = 07 Bit map for analyser status word. Tag naming convention to be replicated for all streams. Refer to 2000-SPC-CS-11001 Onstream Sulphur Analyser Modbus Map for details. | R37: 2
E38: F16AN403S8XRS | F38: F16AN403S8XR | G38: 2000-F16-PID-PR-10012 | H38: F16-AN-403 Onstream Sulphur Analyser Stream 8 Sample X-Ray Active | I38: F16AN403 S8 X-Ray | J38: Inactive | K38: Active | M38: Softag | Q38: Status bit = 07 Bit map for analyser status word. Tag naming convention to be replicated for all streams. Refer to 2000-SPC-CS-11001 Onstream Sulphur Analyser Modbus Map for details. | R38: 2
E39: F16AN403S12AS | F39: F16AN403S12AV | G39: 2000-F16-PID-PR-10016 | H39: F16-AN-403 Onstream Sulphur Analyser Stream 12 Sample Analysis Values Not Ok | I39: F16AN403 S12 AnalysisFlt | J39: Inactive | K39: Active | L39: Active | M39: Softag | O39: 3 | Q39: Status bit = 09 Bit map for analyser status word. Tag naming convention to be replicated for all streams. Refer to 2000-SPC-CS-11001 Onstream Sulphur Analyser Modbus Map for details. | R39: 2
E40: F16AN403S10AS | F40: F16AN403S10AV | G40: 2000-F16-PID-PR-10014 | H40: F16-AN-403 Onstream Sulphur Analyser Stream 10 Sample Analysis Values Not Ok | I40: F16AN403 S10 AnalysisFlt | J40: Inactive | K40: Active | L40: Active | M40: Softag | O40: 3 | Q40: Status bit = 09 Bit map for analyser status word. Tag naming convention to be replicated for all streams. Refer to 2000-SPC-CS-11001 Onstream Sulphur Analyser Modbus Map for details. | R40: 2
E41: F16AN403S11AS | F41: F16AN403S11AV | G41: 2000-F16-PID-PR-10015 | H41: F16-AN-403 Onstream Sulphur Analyser Stream 11 Sample Analysis Values Not Ok | I41: F16AN403 S11 AnalysisFlt | J41: Inactive | K41: Active | L41: Active | M41: Softag | O41: 3 | Q41: Status bit = 09 Bit map for analyser status word. Tag naming convention to be replicated for all streams. Refer to 2000-SPC-CS-11001 Onstream Sulphur Analyser Modbus Map for details. | R41: 2
E42: F16AN403S9AVS | F42: F16AN403S9AV | G42: 2000-F16-PID-PR-10013 | H42: F16-AN-403 Onstream Sulphur Analyser Stream 9 Sample Analysis Values Not Ok | I42: F16AN403 S9 Analysis Flt | J42: Inactive | K42: Active | L42: Active | M42: Softag | O42: 3 | Q42: Status bit = 09 Bit map for analyser status word. Tag naming convention to be replicated for all streams. Refer to 2000-SPC-CS-11001 Onstream Sulphur Analyser Modbus Map for details. | R42: 2
E43: XS16174 | F43: XI16174 | G43: 2000-F16-PID-PR-10005 | H43: F16-AN-403 Onstream Sulphur Analyser Started | I43: F16AN403 Analyser Start | J43: Inactive | K43: Active | M43: Softag | Q43: Status bit = 00 From general analyser bit status F16AN403ST. Refer to 2000-SPC-CS-11001 Onstream Sulphur Analyser Modbus Map for details. | R43: 2
E44: F16AN403S7AVS | F44: F16AN403S7AV | G44: 2000-F16-PID-PR-10011 | H44: F16-AN-403 Onstream Sulphur Analyser Stream 7 Sample Analysis Values Not Ok | I44: F16AN403 S7 Analysis Flt | J44: Inactive | K44: Active | L44: Active | M44: Softag | O44: 3 | Q44: Status bit = 09 Bit map for analyser status word. Tag naming convention to be replicated for all streams. Refer to 2000-SPC-CS-11001 Onstream Sulphur Analyser Modbus Map for details. | R44: 2
E45: F16AN403S5AVS | F45: F16AN403S5AV | G45: 2000-F16-PID-PR-10009 | H45: F16-AN-403 Onstream Sulphur Analyser Stream 5 Sample Analysis Values Not Ok | I45: F16AN403 S5 Analysis Flt | J45: Inactive | K45: Active | L45: Active | M45: Softag | O45: 3 | Q45: Status bit = 09 Bit map for analyser status word. Tag naming convention to be replicated for all streams. Refer to 2000-SPC-CS-11001 Onstream Sulphur Analyser Modbus Map for details. | R45: 2
E46: F16AN403S6AVS | F46: F16AN403S6AV | G46: 2000-F16-PID-PR-10010 | H46: F16-AN-403 Onstream Sulphur Analyser Stream 6 Sample Analysis Values Not Ok | I46: F16AN403 S6 Analysis Flt | J46: Inactive | K46: Active | L46: Active | M46: Softag | O46: 3 | Q46: Status bit = 09 Bit map for analyser status word. Tag naming convention to be replicated for all streams. Refer to 2000-SPC-CS-11001 Onstream Sulphur Analyser Modbus Map for details. | R46: 2
E47: F16AN403S8AVS | F47: F16AN403S8AV | G47: 2000-F16-PID-PR-10012 | H47: F16-AN-403 Onstream Sulphur Analyser Stream 8 Sample Analysis Values Not Ok | I47: F16AN403 S8 Analysis Flt | J47: Inactive | K47: Active | L47: Active | M47: Softag | O47: 3 | Q47: Status bit = 09 Bit map for analyser status word. Tag naming convention to be replicated for all streams. Refer to 2000-SPC-CS-11001 Onstream Sulphur Analyser Modbus Map for details. | R47: 2
E48: F16AN403S11MS | F48: F16AN403S11MR | G48: 2000-F16-PID-PR-10015 | H48: F16-AN-403 Onstream Sulphur Analyser Stream 11 Sample Measurement Result Not Ok | I48: F16AN403 S11 Results Flt | J48: Inactive | K48: Active | L48: Active | M48: Softag | O48: 3 | Q48: Status bit = 08 Bit map for analyser status word. Tag naming convention to be replicated for all streams. Refer to 2000-SPC-CS-11001 Onstream Sulphur Analyser Modbus Map for details. | R48: 2
E49: F16AN403S4AVS | F49: F16AN403S4AV | G49: 2000-F16-PID-PR-10008 | H49: F16-AN-403 Onstream Sulphur Analyser Stream 4 Sample Analysis Values Not Ok | I49: F16AN403 S4 Analysis Flt | J49: Inactive | K49: Active | L49: Active | M49: Softag | O49: 3 | Q49: Status bit = 09 Bit map for analyser status word. Tag naming convention to be replicated for all streams. Refer to 2000-SPC-CS-11001 Onstream Sulphur Analyser Modbus Map for details. | R49: 2
E50: F16AN403S2AVS | F50: F16AN403S2AV | G50: 2000-F16-PID-PR-10006 | H50: F16-AN-403 Onstream Sulphur Analyser Stream 2 Sample Analysis Values Not Ok | I50: F16AN403 S2 Analysis Flt | J50: Inactive | K50: Active | L50: Active | M50: Softag | O50: 3 | Q50: Status bit = 09 Bit map for analyser status word. Tag naming convention to be replicated for all streams. Refer to 2000-SPC-CS-11001 Onstream Sulphur Analyser Modbus Map for details. | R50: 2
E51: F16AN403S3AVS | F51: F16AN403S3AV | G51: 2000-F16-PID-PR-10007 | H51: F16-AN-403 Onstream Sulphur Analyser Stream 3 Sample Analysis Values Not Ok | I51: F16AN403 S3 Analysis Flt | J51: Inactive | K51: Active | L51: Active | M51: Softag | O51: 3 | Q51: Status bit = 09 Bit map for analyser status word. Tag naming convention to be replicated for all streams. Refer to 2000-SPC-CS-11001 Onstream Sulphur Analyser Modbus Map for details. | R51: 2
E52: F16AN403S1AVS | F52: F16AN403S1AV | G52: 2000-F16-PID-PR-10005 | H52: F16-AN-403 Onstream Sulphur Analyser Stream 1 Sample Analysis Values Not Ok | I52: F16AN403 S1 Analysis Flt | J52: Inactive | K52: Active | L52: Active | M52: Softag | O52: 3 | Q52: Status bit = 09 Bit map for analyser status word. Tag naming convention to be replicated for all streams. Refer to 2000-SPC-CS-11001 Onstream Sulphur Analyser Modbus Map for details. | R52: 2
E53: F16AN403S12MS | F53: F16AN403S12MR | G53: 2000-F16-PID-PR-10016 | H53: F16-AN-403 Onstream Sulphur Analyser Stream 12 Sample Measurement Result Not Ok | I53: F16AN403 S12 Results Flt | J53: Inactive | K53: Active | L53: Active | M53: Softag | O53: 3 | Q53: Status bit = 08 Bit map for analyser status word. Tag naming convention to be replicated for all streams. Refer to 2000-SPC-CS-11001 Onstream Sulphur Analyser Modbus Map for details. | R53: 2
E54: F16AN403S10MS | F54: F16AN403S10MR | G54: 2000-F16-PID-PR-10014 | H54: F16-AN-403 Onstream Sulphur Analyser Stream 10 Sample Measurement Result Not Ok | I54: F16AN403 S10 Results Flt | J54: Inactive | K54: Active | L54: Active | M54: Softag | O54: 3 | Q54: Status bit = 08 Bit map for analyser status word. Tag naming convention to be replicated for all streams. Refer to 2000-SPC-CS-11001 Onstream Sulphur Analyser Modbus Map for details. | R54: 2
E55: F16AN403S2NMS | F55: F16AN403S2NM | G55: 2000-F16-PID-PR-10006 | H55: F16-AN-403 Onstream Sulphur Analyser Stream 2 Sample Not Measurable | I55: F16AN403 S2 Not Meas | J55: Inactive | K55: Active | L55: Active | M55: Softag | O55: 3 | Q55: Status bit = 06 Bit map for analyser status word. Tag naming convention to be replicated for all streams. Refer to 2000-SPC-CS-11001 Onstream Sulphur Analyser Modbus Map for details. | R55: 2
... E65: F16AN403S3NMS | F65: F16AN403S3NM | G65: 2000-F16-PID-PR-10007 | H65: F16-AN-403 Onstream Sulphur Analyser Stream 3 Sample Not Measurable | I65: F16AN403 S3 Not Meas | J65: Inactive | K65: Active | L65: Active | M65: Softag | O65: 3 | Q65: Status bit = 06 Bit map for analyser status word. Tag naming convention to be replicated for all streams. Refer to 2000-SPC-CS-11001 Onstream Sulphur Analyser Modbus Map for details. | R65: 2
E66: F16SW011A19OS | F66: F16SW011A19OP | G66: N/A | H66: Flotation 11kV Switchboard Panel A19 Contactor Opened | I66: F16SW011 A19 Contactor | J66: Inactive | K66: Active | M66: Softtag | Q66: Modbus/TCP Soft-Tag | R66: 2
E67: F16SW011A19CS | F67: F16SW011A19CL | G67: N/A | H67: Flotation 11kV Switchboard Panel A19 Contactor Closed | I67: F16SW011 A19 Contactor | J67: Inactive | K67: Active | M67: Softtag | Q67: Modbus/TCP Soft-Tag | R67: 2
E68: F16SW11A18ECS | F68: F16SW011A18EC | G68: N/A | H68: Flotation 11kV Switchboard Panel A18 Earth Switch Closed | I68: F16SW011 A18 Earth Sw | J68: Inactive | K68: Active | M68: Softtag | Q68: Modbus/TCP Soft-Tag | R68: 2
E69: F16SW11A18EOS | F69: F16SW011A18EO | G69: N/A | H69: Flotation 11kV Switchboard Panel A18 Earth Switch Opened | I69: F16SW011 A18 Earth Sw | J69: Inactive | K69: Active | M69: Softtag | Q69: Modbus/TCP Soft-Tag | R69: 2
E70: F16SW11A20TTS | F70: F16SW011A20TT | G70: N/A | H70: Flotation 11kV Switchboard Panel A20 Truck In Test | I70: F16SW011 A20 Truck Test | J70: Inactive | K70: Active | M70: Softtag | Q70: Modbus/TCP Soft-Tag | R70: 2
E71: F16SW11A20TRS | F71: F16SW011A20TR | G71: N/A | H71: Flotation 11kV Switchboard Panel A20 Circuit Breaker Tripped | I71: F16SW011 A20 CB | J71: Alarm | K71: Normal | L71: Alarm | M71: Softtag | O71: 0 | Q71: Modbus/TCP Soft-Tag | R71: 2
E72: F16SW11A20CLS | F72: F16SW011A20CL | G72: N/A | H72: Flotation 11kV Switchboard Panel A20 Circuit Breaker Closed | I72: F16SW011 A20 CB | J72: Inactive | K72: Active | M72: Softtag | Q72: Modbus/TCP Soft-Tag | R72: 2
E73: F16SW11A20OPS | F73: F16SW011A20OP | G73: N/A | H73: Flotation 11kV Switchboard Panel A20 Circuit Breaker Opened | I73: F16SW011 A20 CB | J73: Inactive | K73: Active | M73: Softtag | Q73: Modbus/TCP Soft-Tag | R73: 2
E74: F16SW11A19ECS | F74: F16SW011A19EC | G74: N/A | H74: Flotation 11kV Switchboard Panel A19 Earth Switch Closed | I74: F16SW011 A19 Earth Sw | J74: Inactive | K74: Active | M74: Softtag | Q74: Modbus/TCP Soft-Tag | R74: 2
E75: F16SW11A19EOS | F75: F16SW011A19EO | G75: N/A | H75: Flotation 11kV Switchboard Panel A19 Earth Switch Opened | I75: F16SW011 A19 Earth Sw | J75: Inactive | K75: Active | M75: Softtag | Q75: Modbus/TCP Soft-Tag | R75: 2
E76: F16SW11A19TTS | F76: F16SW011A19TT | G76: N/A | H76: Flotation 11kV Switchboard Panel A19 Truck In Test | I76: F16SW011 A19 Truck Test | J76: Inactive | K76: Active | M76: Softtag | Q76: Modbus/TCP Soft-Tag | R76: 2
E77: F16SW11A19TSS | F77: F16SW011A19TS | G77: N/A | H77: Flotation 11kV Switchboard Panel A19 Truck In Service | I77: F16SW011 A19 Truck Serv | J77: Inactive | K77: Active | M77: Softtag | Q77: Modbus/TCP Soft-Tag | R77: 2
E78: F16SW11A19FHS | F78: F16SW011A19FH | G78: N/A | H78: Flotation 11kV Switchboard Panel A19 Fuse Healthy | I78: F16SW011 A19 Fuse | J78: Alarm | K78: Normal | L78: Alarm | M78: Softtag | O78: 0 | Q78: Modbus/TCP Soft-Tag | R78: 2
E79: F16SW11A20TSS | F79: F16SW011A20TS | G79: N/A | H79: Flotation 11kV Switchboard Panel A20 Truck In Service | I79: F16SW011 A20 Truck Serv | J79: Inactive | K79: Active | M79: Softtag | Q79: Modbus/TCP Soft-Tag | R79: 2
E80: F16SW11A17TSS | F80: F16SW011A17TS | G80: N/A | H80: Flotation 11kV Switchboard Panel A17 Truck In Service | I80: F16SW011 A17 Truck Serv | J80: Inactive | K80: Active | M80: Softtag | Q80: Modbus/TCP Soft-Tag | R80: 2
E81: F16SW11A10TTS | F81: F16SW011A10TT | G81: N/A | H81: Flotation 11kV Switchboard Panel A10 Truck In Test | I81: F16SW011 A10 Truck Test | J81: Inactive | K81: Active | M81: Softtag | Q81: Modbus/TCP Soft-Tag | R81: 2
E82: F16SW11A09CLS | F82: F16SW011A09CL | G82: N/A | H82: Flotation 11kV Switchboard Panel A09 Circuit Breaker Closed | I82: F16SW011 A09 CB | J82: Inactive | K82: Active | M82: Softtag | Q82: Modbus/TCP Soft-Tag | R82: 2
E83: F16SW11A07EOS | F83: F16SW011A07EO | G83: N/A | H83: Flotation 11kV Switchboard Panel A07 Earth Switch Opened | I83: F16SW011 A07 Earth Sw | J83: Inactive | K83: Active | M83: Softtag | Q83: Modbus/TCP Soft-Tag | R83: 2
E84: F16SW11A06FHS | F84: F16SW011A06FH | G84: N/A | H84: Flotation 11kV Switchboard Panel A06 Fuse Healthy | I84: F16SW011 A06 Fuse | J84: Alarm | K84: Normal | L84: Alarm | M84: Softtag | O84: 0 | Q84: Modbus/TCP Soft-Tag | R84: 2
E85: F16SW11A04ECS | F85: F16SW011A04EC | G85: N/A | H85: Flotation 11kV Switchboard Panel A04 Earth Switch Closed | I85: F16SW011 A04 Earth Sw | J85: Inactive | K85: Active | M85: Softtag | Q85: Modbus/TCP Soft-Tag | R85: 2
E86: F16SW11A03TSS | F86: F16SW011A03TS | G86: N/A | H86: Flotation 11kV Switchboard Panel A03 Truck In Service | I86: F16SW011 A03 Truck Serv | J86: Inactive | K86: Active | M86: Softtag | Q86: Modbus/TCP Soft-Tag | R86: 2
E87: F16SW11A02OPS | F87: F16SW011A02OP | G87: N/A | H87: Flotation 11kV Switchboard Panel A02 Contactor Opened | I87: F16SW011 A02 Contactor | J87: Inactive | K87: Active | M87: Softtag | Q87: Modbus/TCP Soft-Tag | R87: 2
E88: F16FIP001ISL | F88: F16FIP001_ISL | G88: N/A | H88: F16-FIP-001 Isolated | I88: F16FIP001 Isolate | J88: Alarm | K88: Normal | L88: Alarm | M88: Hardwired | O88: 0 | R88: 2
E89: F16SW11A16OPS | F89: F16SW011A16OP | G89: N/A | H89: Flotation 11kV Switchboard Panel A16 Contactor Opened | I89: F16SW011 A15 Contactor | J89: Inactive | K89: Active | M89: Softtag | Q89: Modbus/TCP Soft-Tag | R89: 2
E90: F16SW11A13TTS | F90: F16SW011A13TT | G90: N/A | H90: Flotation 11kV Switchboard Panel A13 Truck In Test | I90: F16SW011 A13 Truck Test | J90: Inactive | K90: Active | M90: Softtag | Q90: Modbus/TCP Soft-Tag | R90: 2
E91: F16SW11A12OPS | F91: F16SW011A12OP | G91: N/A | H91: Flotation 11kV Switchboard Panel A12 Circuit Breaker Opened | I91: F16SW011 A12 CB | J91: Inactive | K91: Active | M91: Softtag | Q91: Modbus/TCP Soft-Tag | R91: 2
E92: F16SW11A17CLS | F92: F16SW011A17CL | G92: N/A | H92: Flotation 11kV Switchboard Panel A17 Contactor Closed | I92: F16SW011 A17 Contactor | J92: Inactive | K92: Active | M92: Softtag | Q92: Modbus/TCP Soft-Tag | R92: 2
E93: F16SW11A10FHS | F93: F16SW011A10FH | G93: N/A | H93: Flotation 11kV Switchboard Panel A10 Fuse Healthy | I93: F16SW011 A10 Fuse | J93: Alarm | K93: Normal | L93: Alarm | M93: Softtag | O93: 0 | Q93: Modbus/TCP Soft-Tag | R93: 2
E94: F16SW11A08ECS | F94: F16SW011A08EC | G94: N/A | H94: Flotation 11kV Switchboard Panel A08 Earth Switch Closed | I94: F16SW011 A08 Earth Sw | J94: Inactive | K94: Active | M94: Softtag | Q94: Modbus/TCP Soft-Tag | R94: 2
E95: F16SW11A07TSS | F95: F16SW011A07TS | G95: N/A | H95: Flotation 11kV Switchboard Panel A07 Truck In Service | I95: F16SW011 A07 Truck Serv | J95: Inactive | K95: Active | M95: Softtag | Q95: Modbus/TCP Soft-Tag | R95: 2
E96: F16SW11A06OPS | F96: F16SW011A06OP | G96: N/A | H96: Flotation 11kV Switchboard Panel A06 Contactor Opened | I96: F16SW011 A06 Contactor | J96: Inactive | K96: Active | M96: Softtag | Q96: Modbus/TCP Soft-Tag | R96: 2
E97: F16SW11A04TTS | F97: F16SW011A04TT | G97: N/A | H97: Flotation 11kV Switchboard Panel A04 Truck In Test | I97: F16SW011 A04 Truck Test | J97: Inactive | K97: Active | M97: Softtag | Q97: Modbus/TCP Soft-Tag | R97: 2
E98: F16SW11A03CLS | F98: F16SW011A03CL | G98: N/A | H98: Flotation 11kV Switchboard Panel A03 Contactor Closed | I98: F16SW011 A03 Contactor | J98: Inactive | K98: Active | M98: Softtag | Q98: Modbus/TCP Soft-Tag | R98: 2
E99: F16SW11A01EOS | F99: F16SW011A01EO | G99: N/A | H99: Flotation 11kV Switchboard Panel A01 Earth Switch Opened | I99: F16SW011 A01 Earth Sw | J99: Inactive | K99: Active | M99: Softtag | Q99: Modbus/TCP Soft-Tag | R99: 2
E100: F16BC001FL3 | F100: F16BC001_FL3 | G100: 2000-F16-PID-PR-10001 | H100: F16-BC-001 48VDC Charger Charger Fail | I100: F16BC001 Charger Status | J100: Alarm | K100: Normal | M100: Hardwired | R100: 2
E101: F16SW11A15EOS | F101: F16SW011A15EO | G101: N/A | H101: Flotation 11kV Switchboard Panel A15 Earth Switch Opened | I101: F16SW011 A15 Earth Sw | J101: Inactive | K101: Active | M101: Softtag | Q101: Modbus/TCP Soft-Tag | R101: 2
E102: F16SW11A13CLS | F102: F16SW011A13CL | G102: N/A | H102: Flotation 11kV Switchboard Panel A13 Circuit Breaker Closed | I102: F16SW011 A13 CB | J102: Inactive | K102: Active | M102: Softtag | Q102: Modbus/TCP Soft-Tag | R102: 2
E103: F16SW11A11EOS | F103: F16SW011A11EO | G103: N/A | H103: Flotation 11kV Switchboard Panel A11 Earth Switch Opened | I103: F16SW011 A11 Earth Sw | J103: Inactive | K103: Active | M103: Softtag | Q103: Modbus/TCP Soft-Tag | R103: 2
E104: F16SW11A16EOS | F104: F16SW011A16EO | G104: N/A | H104: Flotation 11kV Switchboard Panel A16 Earth Switch Opened | I104: F16SW011 A16 Earth Sw | J104: Inactive | K104: Active | M104: Softtag | Q104: Modbus/TCP Soft-Tag | R104: 2
E105: F16SW11A09ECS | F105: F16SW011A09EC | G105: N/A | H105: Flotation 11kV Switchboard Panel A09 Earth Switch Closed | I105: F16SW011 A09 Earth Sw | J105: Inactive | K105: Active | M105: Softtag | Q105: Modbus/TCP Soft-Tag | R105: 2
E106: F16SW11A08TSS | F106: F16SW011A08TS | G106: N/A | H106: Flotation 11kV Switchboard Panel A08 Truck In Service | I106: F16SW011 A08 Truck Serv | J106: Inactive | K106: Active | M106: Softtag | Q106: Modbus/TCP Soft-Tag | R106: 2
E107: F16SW11A07OPS | F107: F16SW011A07OP | G107: N/A | H107: Flotation 11kV Switchboard Panel A07 Contactor Opened | I107: F16SW011 A07 Contactor | J107: Inactive | K107: Active | M107: Softtag | Q107: Modbus/TCP Soft-Tag | R107: 2
E108: F16SW11A05TTS | F108: F16SW011A05TT | G108: N/A | H108: Flotation 11kV Switchboard Panel A05 Truck In Test | I108: F16SW011 A05 Truck Test | J108: Inactive | K108: Active | M108: Softtag | Q108: Modbus/TCP Soft-Tag | R108: 2
E109: F16SW11A04CLS | F109: F16SW011A04CL | G109: N/A | H109: Flotation 11kV Switchboard Panel A04 Contactor Closed | I109: F16SW011 A04 Contactor | J109: Inactive | K109: Active | M109: Softtag | Q109: Modbus/TCP Soft-Tag | R109: 2
E110: F16SW11A02EOS | F110: F16SW011A02EO | G110: N/A | H110: Flotation 11kV Switchboard Panel A02 Earth Switch Opened | I110: F16SW011 A02 Earth Sw | J110: Inactive | K110: Active | M110: Softtag | Q110: Modbus/TCP Soft-Tag | R110: 2
...

Sheet 4. Digital Output
E1: KCGM GROWTH PROJECT
E2: PROCESS CONTROL TABLES - FLOTATION (F16, F17, F18) | J2: *SOFTWARE DEBOUNCE IS REQUIRED ON ALL DIGITAL INSTRUMENTS (NO HARDWARE DEBOUNCE)*
E3: 2000-F16-LST-PR-10001
E4: DIGITAL INSTRUMENTS (DO)
A6: Area | B6: Type | C6: Loop No. | D6: Suffix | E6: Tag Source | F6: Tag Name | G6: P&ID | H6: Description | I6: Abbreviated Description (Faceplate) | J6: State 0 | K6: State 1 | L6: Alarm State | M6: Alarm Delay (secs) | N6: Alarm Masking Conditions | O6: Comments | P6: Rev
E7: XY17066 | F7: XI17066 | G7: 2000-F17-PID-PR-10001 | H7: F17TH401-CP Flotation Tailings Thickener Control Panel 24VDC Power Healthy Indicator Light | I7: F17TH401 Pwr Healthy | J7: Alarm | K7: Normal | L7: Alarm | M7: 0 | O7: 24V DCS Power Healthy | P7: 2
E8: YI17117A | F8: YA17117A | G8: 2000-F17-PID-PR-10002 | H8: F17-FN-504 Flotation Tailings Thickener Underflow Tunnel Ventilation Fan Not Running Signal 1 | I8: F17FN504 Not Running 1 | J8: Normal | K8: Activated | M8: 0 | O8: Activate when: - F17FN504 Not Running Digital output to activate two beacons and sirens located inside the Flotation Tailings Thickener Underflow Tunnel. | P8: 1
E9: YI17117B | F9: YA17117B | G9: 2000-F17-PID-PR-10002 | H9: F17-FN-504 Flotation Tailings Thickener Underflow Tunnel Ventilation Fan Not Running Signal 2 | I9: F17FN504 Not Running 2 | J9: Normal | K9: Activated | M9: 0 | O9: Activate when: - F17FN504 Not Running Digital output to activate two beacons and sirens located inside the Flotation Tailings Thickener Underflow Tunnel. | P9: 1
E10: XY17076 | F10: XC17076 | G10: 2000-F17-PID-PR-10001 | H10: F17TH401-CP Flotation Tailings Thickener Control Panel Rake Drive Running Status to LCP Control Signal | I10: F17TH401 Rake Drive Rng | J10: Normal | K10: Activated | M10: 0 | O10: Source: 2000-ME001.5-F17-50001. Activate when F17PO408 = RUNNING | P10: 2
E11: XY17079 | F11: XC17079 | G11: 2000-F17-PID-PR-10001 | H11: F17TH401-CP Flotation Tailings Thickener Control Panel 85% Torque Request frrom DCS to LCP Control Signal | I11: F17TH401 85% Torque | J11: Normal | K11: Activated | L11: NI17030 >= A_HH == TRUE | M11: 0 | O11: Activate on NI17030 >= A_HH. Source: 2000-ME001.5-F17-50001. Must activate Torque Cut - Out on LCP - XI17030A. | P11: 2
E12: XY17083 | F12: XC17083 | G12: 2000-F17-PID-PR-10001 | H12: F17TH401-CP Flotation Tailings Thickener Control Panel 50% Torque Request frrom DCS to LCP Control Signal | I12: F17TH401 50% Torque | J12: Normal | K12: Activated | L12: NI17030 >= A_Hi == TRUE | M12: 0 | O12: Activate on NI17030 A_Hi. Source: 2000-ME001.5-F17-50001. | P12: 2
E13: XY17080 | F13: XC17080 | G13: 2000-F17-PID-PR-10001 | H13: F17TH401-CP Flotation Tailings Thickener Control Panel 40% Torque Request frrom DCS to LCP Control Signal | I13: F17TH401 40% Torque | J13: Normal | K13: Activated | L13: NI17030 >= P_Hi == TRUE | M13: 0 | O13: Activate on NI17030 >= P_Hi. Will activate horn and beacon. Source: 2000-ME001.5-F17-50001. | P13: 2
E14: XY17084 | F14: XC17084 | G14: 2000-F17-PID-PR-10001 | H14: F17TH401-CP Flotation Tailings Thickener Control Panel 30% Torque Request frrom DCS to LCP Control Signal | I14: F17TH401 30% Torque | J14: Normal | K14: Activated | L14: NI17030 <= P_Lo == TRUE | M14: 0 | O14: Activate on NI18030 P_Lo. Source: 2000-ME001.5-F17-50001. | P14: 2
E15: XY17062 | F15: XC17062 | G15: 2000-F17-PID-PR-10001 | H15: F17TH401-CP Flotation Tailings Thickener Control Panel Reverse Jog Enable Feedback | I15: F17TH401 Rev Jog Enable | J15: Normal | K15: Activated | M15: 0 | O15: Source: 2000-ME001.5-F17-50001. Activate when: Control Room Operator selects button in DCS "Reverse Jog Enable" (F17TH401_REV Active). Clicking this button will activate XC17057 and place the following equipment in LOCAL (F17TH401_LCL Active): - F17PO408, SV17033, SV17034 - F17PO409, SV17047, SV17048 Please refer to 12. Misc for further details on F17TH401 LOCAL mode. | P15: 2
E16: XY17057 | F16: XC17057 | G16: 2000-F17-PID-PR-10001 | H16: F17TH401-CP Flotation Tailings Thickener Control Panel Local Mode Enable Feedback | I16: F17TH401 Local Mode | J16: Disabled | K16: Enabled | M16: 0 | O16: Source: 2000-ME001.5-F17-50001. Activate when: Thickener Faceplate placed into Local mode in DCS. F17TH401 to be constructed as a singular object. Placing into LOCAL mode will place the following equipment into LOCAL (F17TH401_LCL Active): - F17PO408, SV17033, SV17034 - F17PO409, SV17047, SV17048 Please refer to 12. Misc for further details on F17TH401 LOCAL mode. | P16: 2
E17: XY17082 | F17: XC17082 | G17: 2000-F17-PID-PR-10001 | H17: F17TH401-CP Flotation Tailings Thickener Control Panel Horn Acknowledge Control Signal | I17: F17TH401 Horn Ackwldge | J17: Normal | K17: Activated | M17: 0 | O17: Source: 2000-ME001.5-F17-50001. Horn is activated on torque level greater than 40% by XC17080. Horn will continue to sound until physical switch is depressed on local control board or a graphical user-interface button "Horn Acknowledge" is pressed by Control Room Operator. Clicking graphical user-interface button will de-activate horn via activation of this digital output. | P17: 2
E18: HS17038 | F18: HS17038STT | G18: 2000-F17-PID-PR-10001 | H18: F17XM572 Manta Sub Start/Stop Command | I18: F17XM572 Manta Run | J18: N_Running | K18: Running | M18: 0 | O18: Soft-tag. Modbus connection to Manta Sub PLC. Manta Sub Documentation: 2000-ME001.5-D02-50002 | P18: 2
E19: F17XM572CSTTS | F19: HS17038STT | G19: 2000-F17-PID-PR-10001 | H19: F17XM572 Manta Sub Communication Start | I19: F17XM572 Remote Start | J19: Inactive | K19: Start | O19: SoftTag Manta Ref: Manta_Sub.CommsStSta Details TBC by vendor. Refer to Manta Sub Modbus Tags Register Without Thickener Cube (05-REG-500) | P19: 2
E20: F17XM572STPS | F20: HS17038STP | G20: 2000-F17-PID-PR-10001 | H20: F17XM572 Manta Sub Exetrnal Stop Request | I20: F17XM572 Remote Stop | J20: Inactive | K20: Stop | O20: SoftTag Manta Ref: Manta_Sub.ExtStopRequest Details TBC by vendor. Refer to Manta Sub Modbus Tags Register Without Thickener Cube (05-REG-500) | P20: 2
E21: F16SW011OP1 | F21: F16SW011_OP1 | G21: N/A | H21: Flotation 11kV Switchboard Remote Switching Panel Open Breaker Incomer 1 | I21: Flot 11kV Rem O Break1 | J21: Normal | K21: Activated | M21: 0 | P21: 2
E22: F16SW011CL1 | F22: F16SW011_CL1 | G22: N/A | H22: Flotation 11kV Switchboard Remote Switching Panel Close Breaker Incomer 1 | I22: Flot 11kV Rem C Break1 | J22: Normal | K22: Activated | M22: 0 | P22: 2
E23: F16SW011OP2 | F23: F16SW011_OP2 | G23: N/A | H23: Flotation 11kV Switchboard Remote Switching Panel Open Breaker Incomer 2 | I23: Flot 11kV Rem O Break2 | J23: Normal | K23: Activated | M23: 0 | P23: 2
E24: F16SW011CL2 | F24: F16SW011_CL2 | G24: N/A | H24: Flotation 11kV Switchboard Remote Switching Panel Close Breaker Incomer 2 | I24: Flot 11kV Rem C Break2 | J24: Normal | K24: Activated | M24: 0 | P24: 2
E25: DO NOT DELETE THIS ROW INSERT NEW ROWS ABOVE
E28: =COUNTA(E8:E24) -> 17 | F28: =COUNTA(F8:F24) -> 17

Sheet 5. Totalisers
E1: KCGM GROWTH PROJECT
E2: PROCESS CONTROL TABLES - FLOTATION (F16, F17, F18)
E3: 2000-F16-LST-PR-10001
E4: TOTALISERS
L5: Reset Period
A6: Area | B6: Type | C6: Loop No. | D6: Suffix | E6: Tag Source | F6: Tag Name | G6: Type | H6: P&ID | I6: Description | J6: Abbreviated Description (Faceplate) | K6: Units | L6: Shift | M6: Day | N6: Cont | O6: Comments | P6: Rev
E7: WI17121 | F7: WQI17121 | G7: WQI | H7: 2000-F17-PID-PR-10002 | I7: F17-PP-455/456 Flotation Tailings Thickener Underflow Pumps Solids Mass Totaliser | J7: F17TH401 U/F Solids Mass | K7: t/h | L7: X | M7: X | N7: X | P7: B
E8: WI17130 | F8: WQI17130 | G8: WQI | H8: 2000-F17-PID-PR-10002 | I8: F17-PP-455/456 Flotation Tailings Thickener Underflow to Final Tails Tank Solids Mass Totaliser | J8: F17TH401 UF-Final Tails | K8: t/h | L8: X | M8: X | N8: X | O8: See 11. Calculation sheet for further information. | P8: B
E9: WI18027 | F9: WQI18027 | G9: WQI | H9: 2000-F18-PID-PR-10001 | I9: F18-PP-407/408 Final Concentrate Pumps Discharge Solids Mass Totaliser | J9: F18PP407/8 Solids Mass | K9: t/h | L9: X | M9: X | N9: X | P9: B
E10: WI18237 | F10: WQI18237 | G10: WQI | H10: 2000-F18-PID-PR-10003 | I10: F18-PP-407/408 Final Concentrate Pumps Discharge Solids Mass Totaliser | J10: F18PP513/4 Solids Mass | K10: t/h | L10: X | M10: X | N10: X | P10: B
E11: DO NOT DELETE THIS ROW INSERT NEW ROWS ABOVE
E15: 4 | F15: 4

Sheet 6. OnOff Valves
E1: KCGM GROWTH PROJECT
E2: PROCESS CONTROL TABLES - FLOTATION (F16, F17, F18)
E3: 2000-F16-LST-PR-10001
E4: OPEN-CLOSE VALVES
O5: Permissives and Trips
A6: Area | B6: Type | C6: Loop No. | D6: Suffix | E6: Tag Name | F6: P&ID | G6: Valve Description | H6: Abbreviated Description (Faceplate) | I6: Valve Type | J6: Fail Position (Loss of Power) | K6: Manual | L6: Auto | M6: Open Condition (Auto Mode) | N6: Close Condition (Auto Mode) | O6: # | P6: Condition | Q6: Description (Faceplate) | R6: Delay On | S6: Delay Off | T6: Open Permissive | U6: Close Permissive | V6: Open Interlock | W6: Close Interlock | X6: Bypass | Y6: Reset Required | Z6: Comments | AA6: Rev
E7: XV16025 | F7: 2000-F16-PID-PR-10001 | G7: F16-GA-425 Rougher 1 Concentrate Cleaner Feed Launder Gate Cleaner Flotation Feed Valve | H7: F16GA425 Rgh1 Clnr Con | I7: Detail 3 | J7: FL | K7: X | M7: Manually opened by Operator | N7: Manually closed by Operator | AA7: B
E9: XV16026 | F9: 2000-F16-PID-PR-10001 | G9: F16-GA-426 Rougher 1 Final Concentrate Launder Gate Final Concentrate Feed Valve | H9: F16GA426 Rgh1 Final Con | I9: Detail 3 | J9: FL | K9: X | M9: Manually opened by Operator | N9: Manually closed by Operator | AA9: B
E11: SV16357 | F11: 2000-F24-PID-PR-10003 | G11: F16-PP-515 Flotation Cells Drain Pump Gland Water Solenoid Valve | H11: F16PP515 Gland Supply | I11: Detail 11 | J11: FO | K11: X | M11: Manually opened by Operator | N11: Manually closed by Operator | O11: OT1 | P11: F16PP515 RUNNING | Q11: Flotation Cells Drain Pump Rung | R11: 0 | V11: X | AA11: C
E13: XV16152 | F13: 2000-F16-PID-PR-10005 | G13: F16-PP-638 Sample Return Pump 1 Suction Valve | H13: F16PP638 Suction | I13: Detail 3 | J13: FL | K13: X | M13: Manually opened by Operator | N13: Manually closed by Operator | AA13: B
E15: XV16153 | F15: 2000-F16-PID-PR-10005 | G15: F16-PP-638 Sample Return Pump 1 Drain Valve | H15: F16PP638 Suction Drain | I15: Detail 4 | J15: FO | K15: X | M15: Manually opened by Operator | N15: Manually closed by Operator | O15: CT1 | P15: F16PP638 RUNNING | Q15: Sample Return Pump 1 is Running | R15: 3 | W15: X | AA15: 2
E17: SV16155 | F17: 2000-F24-PID-PR-10003 | G17: F16-PP-638 Sample Return Pump 1 Gland Water Solenoid Valve | H17: F16PP638 Gland Supply | I17: Detail 11 | J17: FO | K17: X | M17: Manually opened by Operator | N17: Manually closed by Operator | O17: OT1 | P17: F16PP638 RUNNING | Q17: Sample Return Pump 1 is Running | R17: 0 | V17: X | AA17: B
E19: XV16162 | F19: 2000-F16-PID-PR-10005 | G19: F16-PP-639 Sample Return Pump 2 Suction Valve | H19: F16PP639 Suction | I19: Detail 3 | J19: FL | K19: X | M19: Manually opened by Operator | N19: Manually closed by Operator | AA19: B
E21: XV16163 | F21: 2000-F16-PID-PR-10005 | G21: F16-PP-639 Sample Return Pump 2 Suction Drain Valve | H21: F16PP639 Suction Drain | I21: Detail 4 | J21: FO | K21: X | M21: Manually opened by Operator | N21: Manually closed by Operator | O21: CT1 | P21: F16PP639 RUNNING | Q21: Sample Return Pump 2 is Running | R21: 3 | W21: X | AA21: 2
E23: SV16165 | F23: 2000-F24-PID-PR-10003 | G23: F16-PP-639 Sample Return Pump 2 Gland Water Solenoid Valve | H23: F16PP639 Gland Supply | I23: Detail 11 | J23: FO | K23: X | M23: Manually opened by Operator | N23: Manually closed by Operator | O23: OT1 | P23: F16PP639 RUNNING | Q23: Sample Return Pump 2 is Running | R23: 0 | V23: X | Z23: Shorter than Drive Interlock to maintain operation. | AA23: B
E25: XV17005 | F25: 2000-F17-PID-PR-10001 | G25: F16-PP-634 Final Tails Sample Pump Suction Valve | H25: F16PP634 Suction | I25: Detail 3 | J25: FL | K25: X | M25: Manually opened by Operator | N25: Manually closed by Operator | AA25: B
E27: XV17006 | F27: 2000-F17-PID-PR-10001 | G27: F16-PP-634 Final Tails Sample Pump Suction Drain Valve | H27: F16PP634 Suction Drain | I27: Detail 7 | J27: FO | K27: X | M27: Manually opened by Operator | N27: Manually closed by Operator | O27: CT1 | P27: F16PP634 RUNNING | Q27: Final Tails Sample Pump Running | R27: 3 | W27: X | AA27: 2
E29: XV17007 | F29: 2000-F17-PID-PR-10001 | G29: F16-PP-634 Final Tails Sample Pump Discharge Drain Valve | H29: F16PP634 Discharge Drain | I29: Detail 7 | J29: FO | K29: X | M29: Manually opened by Operator | N29: Manually closed by Operator | AA29: C
E31: XV17009 | F31: 2000-F17-PID-PR-10001 | G31: F17-BX-410 Flotation Tailings Thickener Recirculation Feed Box Feed Valve | H31: F17BX410 Feed Valve | I31: Detail 5 | J31: FL | K31: X | M31: Manually opened by Operator | N31: Manually closed by Operator | AA31: 0
E33: SV17033 | F33: 2000-F17-PID-PR-10001 | G33: F17-HU-406 Flotation Tailings Thickener Rake Drive HPU Rake Forward Solenoid Valve | H33: F17HU406 Rake Forward | I33: Vendor | J33: Rexroth | L33: X | M33: F18-SEQ-0003 | N33: F17TH401_STOP | O33: OP1 | P33: SV17034 NOT ENERGISED | Q33: Rev Solenoid N_Energised | R33: 3 | T33: X | Z33: DCS user-interface button "Stop Thickener in Forward Mode" when activated will de-energise SV17033. | AA33: 2
M34: F17TH401_STRT Active | N34: F17TH401_REV Active. | O34: CT1 | P34: XA17038 Active | Q34: Manta Sub Not in Home Posn | R34: 3 | W34: X | X34: X | Z34: Manta Sub Sensor not returned to home position. Thickener rakes will stop to prevent sensor contacting with rakes. DCS user-interface button "Enable Reverse Jog Mode in LOCAL" will de-energise SV17033 if activated AND start F17TH401_T3. Please see 12. Misc for further information. | AA34: 2
M35: F17TH401_LCL Active AND HS17061 Start Button Pressed AND F17TH401_REV Not Active | N35: F17TH401_LCL Active AND HS17064 Stop Button Active | O35: CT2 | P35: SSL17016 Alarm | Q35: F17TH401 Zero Speed Active | R35: 3 | U35: X | X35: X | Z35: Zero speed switch active. | AA35: 2
E37: SV17034 | F37: 2000-F17-PID-PR-10001 | G37: F17-HU-406 Flotation Tailings Thickener Rake Drive HPU Rake Reverse Solenoid Valve | H37: F17HU406 Rake Reverse | I37: Vendor | J37: Rexroth | L37: X | M37: F17TH401_LCL Active AND HS17063 Reverse Jog Button Active AND F17TH401_REV Active AND F17TH401_T3 Not Active AND F17TH401_T2 Not Active | N37: F17TH401_T1 Elapsed | O37: OP1 | P37: SV17033 NOT ENERGISED | Q37: Fwd Solenoid N_Energised | R37: 3 | T37: X | Z37: HS17063 must be depressed (active) for SV17034 to remain energised when in LOCAL mode. When SV17034 is energised, F17TH401_T1 is started. Maximum energised duration applies as per timer. Please refer to 12. Misc for further details. Reverse Enable must be Active to Energise Solenoid. Please refer to 12. Misc - F17TH401_REV for further details. | AA37: 2
N38: F17TH401_LCL Active AND HS17063 Released (Falling Edge) | O38: OP2 | P38: F17TH401_C1 < 3 | Q38: Reverse Jog Hourly Limit | R38: 0 | T38: X | Z38: Source: 2000-ME001.5-M02-50001. See 12. Misc for further details. | AA38: C
O39: OP3 | P39: F17TH401_T2 Not Active | Q39: Reverse Lockout Timer Active | R39: 0 | T39: X | Z39: Source: 2000-ME001.5-M02-50001. See 12. Misc for further details. | AA39: C
E41: SV17047 | F41: 2000-F17-PID-PR-10001 | G41: F17-HU-414 Flotation Tailings Thickener Rake Lift HPU Lower Rake Solenoid Valve | H41: F17HU414 Rake Lower | I41: Vendor | J41: Rexroth | L41: X | M41: AUTO MODE Active AND NI17030 < P_Lo AND SV17033 Energised AND F17PO408 Running AND F17TH401_REVC = 0 AND ZAL17015 Not Active AND F17PO409 Running (Runtime > 5 seconds) | N41: AUTO MODE Active AND F17TH401_RLWR Elapsed | O41: OP1 | P41: SV17048 NOT ACTIVE | R41: 3 | T41: X | Z41: Start F17TH401_RLWR when SV17047 Energised AND in AUTO MODE. To open solenoid in AUTO MODE: - NI17030 must be less than 30% - Thickener must be in FORWARD MODE - Revolution Counter must be equal to zero - Rake Low Limit Switch Not Active Control logic to be continually running when Thickener is in FORWARD MODE. Control logic to de-energise solenoid valve if during lowering in AUTO MODE, ZAL17015 becomes active. | AA41: 2
M42: F17TH401_LCL Active AND HS17065B Active | N42: F17TH401_LCL Active AND HS17065B Released (Falling Edge) | O42: OP2 | P42: AUTO MODE: F17-PO-408 RUNNING AND SV17033 ACTIVE | Q42: Thickener in Forward Mode | R42: 3 | T42: X | Z42: Unable to lower rake if thickener is not in FORWARD mode. | AA42: 2
O43: OP3 | P43: AUTO MODE: F17PO409 Running (Runtime > 5 seconds) | Q43: F19PO409 Startup Timer | R43: 0 | T43: X | Z43: Prevent energising solenoid valve if F17PO409 has been started and runtime < 5 seconds. Permissive to allow hydraulic oil pressure to build to operating point. | AA43: C
O44: CT1 | P44: ZAL17015 Active | R44: 0 | W44: X | X44: X | Z44: True in LOCAL AND AUTO Modes. Bypass for faulty switch. | AA44: 0
E45: SV17048 | F45: 2000-F17-PID-PR-10001 | G45: F17-HU-414 Flotation Tailings Thickener Rake Lift HPU Raise Rake Solenoid Valve | H45: F17HU414 Rake Raise | I45: Vendor | J45: Rexroth | L45: X | M45: AUTO MODE Active AND NI17030 >= P_Hi AND SV17033 Energised AND F17PO408 Running AND ZAH17014 Not Active AND F17PO409 Running (Runtime > 5 seconds) | N45: AUTO MODE Active AND (NI17030 < P_Hi OR ZAH17014 Active) | O45: OP1 | P45: SV17047 NOT ACTIVE | R45: 3 | T45: X | Z45: Control logic to be continually running when Thickener is in FORWARD MODE. Control logic to de-energise solenoid valve if during raising in AUTO MODE, ZAH17014 becomes active. | AA45: 2
M46: F17TH401_LCL Active AND HS17065A Active | N46: F17TH401_LCL Active AND HS17065A Released (Falling Edge) | O46: OP2 | P46: AUTO MODE: F17-PO-408 RUNNING AND SV17033 ACTIVE | Q46: Thickener in Forward Mode | R46: 3 | T46: X | X46: X | Z46: Unable to raise rake if thickener is not in FORWARD mode. Permissive does not apply in LOCAL. | AA46: 2
O47: OP3 | P47: AUTO MODE: F17PO409 Running (Runtime > 5 seconds) | Q47: F19PO409 Startup Timer | R47: 0 | T47: X | Z47: Prevent energising solenoid valve if F17PO409 has been started and runtime < 5 seconds. Permissive to allow hydraulic oil pressure to build to operating point. | AA47: C
O48: CT1 | P48: ZAH17014 Active | R48: 0 | W48: X | X48: X | Z48: True in LOCAL AND AUTO Modes. Bypass for faulty switch. | AA48: 0
E49: XV17091 | F49: 2000-F17-PID-PR-10002 | G49: F17-TH-401 Flotation Tailings Thickener Underflow Discharge Valve 1 - F17-PP-455 Suction | H49: F17PP455 Suction 1 | I49: Detail 4 | J49: FC | K49: X | L49: X | M49: F17-SEQ-0001 | N49: F17-SEQ-0002 | O49: OP1 | P49: XV17095 OPEN AND XV17102 CLOSED | Q49: Water Hammer Prevention | R49: 3 | T49: X | X49: X | Z49: To prevent water hammer on underflow pump start when Thickener Cone Valves are opened. Bypass for dumping of thickener. Suction Flush Valve must be Open and Suction Drain must be Closed. | AA49: 2
M50: Manually opened by Operator | N50: Manually closed by Operator
E51: XV17092 | F51: 2000-F17-PID-PR-10002 | G51: F17-TH-401 Flotation Tailings Thickener Underflow Discharge Valve 2 - F17-PP-456 Suction | H51: F17PP456 Suction 1 | I51: Detail 4 | J51: FC | K51: X | L51: X | M51: F17-SEQ-0001 | N51: F17-SEQ-0002 | O51: OP1 | P51: XV17096 OPEN AND XV17112 CLOSED | Q51: Water Hammer Prevention | R51: 3 | T51: X | X51: X | Z51: To prevent water hammer on underflow pump start when Thickener Cone Valves are opened. Bypass for dumping of thickener. Suction Flush Valve must be Open and Suction Drain must be Closed. | AA51: 2
M52: Manually opened by Operator | N52: Manually closed by Operator
E53: XV17093 | F53: 2000-F17-PID-PR-10002 | G53: F17-TH-401 Flotation Tailings Thickener Underflow Discharge Valve 3 - F17-PP-455 Suction | H53: F17PP455 Suction 2 | I53: Detail 4 | J53: FC | K53: X | L53: X | M53: F17-SEQ-0001 | N53: F17-SEQ-0002 | O53: OP1 | P53: XV17095 OPEN AND XV17102 CLOSED | Q53: Water Hammer Prevention | R53: 3 | T53: X | X53: X | Z53: To prevent water hammer on underflow pump start when Thickener Cone Valves are opened. Bypass for dumping of thickener. Suction Flush Valve must be Open and Suction Drain must be Closed. | AA53: 2
M54: Manually opened by Operator | N54: Manually closed by Operator
E55: XV17094 | F55: 2000-F17-PID-PR-10002 | G55: F17-TH-401 Flotation Tailings Thickener Underflow Discharge Valve 4 - F17-PP-456 Suction | H55: F17PP456 Suction 2 | I55: Detail 4 | J55: FC | K55: X | L55: X | M55: F17-SEQ-0001 | N55: F17-SEQ-0002 | O55: OP1 | P55: XV17096 OPEN AND XV17112 CLOSED | Q55: Water Hammer Prevention | R55: 3 | T55: X | X55: X | Z55: To prevent water hammer on underflow pump start when Thickener Cone Valves are opened. Bypass for dumping of thickener. Suction Flush Valve must be Open and Suction Drain must be Closed. | AA55: 2
M56: Manually opened by Operator | N56: Manually closed by Operator
E57: XV17095 | F57: 2000-F17-PID-PR-10002 | G57: F17-TH-401 Flotation Tailings Thickener Underflow Discharge Flushing Valve 1 | H57: F17PP455 Suction Flush | I57: Detail 3 | J57: FL | K57: X | L57: X | M57: F17-SEQ-0001 / F17-SEQ-0002 | N57: F17-SEQ-0001 / F17-SEQ-0002 | AA57: B
M58: Manually opened by Operator | N58: Manually closed by Operator
E59: XV17096 | F59: 2000-F17-PID-PR-10002 | G59: F17-TH-401 Flotation Tailings Thickener Underflow Discharge Flushing Valve 2 | H59: F17PP456 Suction Flush | I59: Detail 3 | J59: FL | K59: X | L59: X | M59: F17-SEQ-0001 / F17-SEQ-0002 | N59: F17-SEQ-0001 / F17-SEQ-0002 | AA59: B
M60: Manually opened by Operator | N60: Manually closed by Operator
E61: XV17101 | F61: 2000-F17-PID-PR-10002 | G61: F17-PP-455 Flotation Tailings Thickener Underflow Pump 1 Flushing Water Valve | H61: F17PP455 Discharge Flush | I61: Detail 3 | J61: FL | K61: X | L61: X | M61: F17-SEQ-0002 | N61: F17-SEQ-0001 / F17-SEQ-0002 | AA61: B
M62: Manually opened by Operator | N62: Manually closed by Operator
E63: XV17102 | F63: 2000-F17-PID-PR-10002 | G63: F17-PP-455 Flotation Tailings Thickener Underflow Pump 1 Drain Valve | H63: F17PP455 Suction Drain | I63: Detail 4 | J63: FO | K63: X | L63: X | M63: F17-SEQ-0002 | N63: F17-SEQ-0001 / F17-SEQ-0002 | O63: CT1 | P63: F17PP455 RUNNING | Q63: F17TH401 U/F Pump 1 Running | R63: 3 | W63: X | X63: X | Z63: Flotation Tailings Thickener Underflow Pump 1 is Running. | AA63: 2
M64: Manually opened by Operator | N64: Manually closed by Operator | O64: OP1 | P64: XV17091 CLOSED AND XV17093 CLOSED | Q64: Thickener D/C Valves Closed | R64: 3 | T64: X | X64: X | Z64: Prevent opening of the suction-drain valve until the thickener cone valves are closed. Bypass for dumping of thickener. | AA64: 2
E65: XV17103 | F65: 2000-F17-PID-PR-10002 | G65: F17-PP-455 Flotation Tailings Thickener Underflow Pump 1 Discharge Valve | H65: F17PP455 Discharge | I65: Detail 3 | J65: FL | K65: X | L65: X | M65: F17-SEQ-0001 | N65: F17-SEQ-0002 | O65: CT1 | P65: F17PP456 RUNNING | Q65: F17TH401 U/F Pump 2 Running | R65: 3 | W65: X | X65: X | AA65: 2
M66: Manually opened by Operator | N66: Manually closed by Operator
E67: SV17104 | F67: 2000-F24-PID-PR-10004 | G67: F17-PP-455 Flotation Tailings Thickener Underflow Pump 1 Gland Water Solenoid Valve | H67: F17PP455 Gland Water | I67: Detail 11 | J67: FO | K67: X | L67: X | M67: F17-SEQ-0001 | N67: F17-SEQ-0002 | O67: OT1 | P67: F17PP455 RUNNING | Q67: F17TH401 U/F Pump 1 Running | R67: 0 | V67: X | Z67: Prevent closing of solenoid valve if pump is running. Open trip prevents CRO from selecting "close" on solenoid valve, tripping pump and upsetting process. | AA67: B
M68: Manually opened by Operator | N68: Manually closed by Operator
E69: XV17111 | F69: 2000-F17-PID-PR-10002 | G69: F17-PP-456 Flotation Tailings Thickener Underflow Pump 2 Flushing Water Valve | H69: F17PP456 Discharge Flush | I69: Detail 3 | J69: FL | K69: X | L69: X | M69: F17-SEQ-0001 / F17-SEQ-0002 | N69: F17-SEQ-0001 / F17-SEQ-0002 | AA69: B
M70: Manually opened by Operator | N70: Manually closed by Operator
E71: XV17112 | F71: 2000-F17-PID-PR-10002 | G71: F17-PP-456 Flotation Tailings Thickener Underflow Pump 2 Drain Valve | H71: F17PP456 Suction Drain | I71: Detail 4 | J71: FO | K71: X | L71: X | M71: F17-SEQ-0002 | N71: F17-SEQ-0001 / F17-SEQ-0002 | O71: CT1 | P71: F17PP456 RUNNING | Q71: F17TH401 U/F Pump 2 Running | R71: 3 | W71: X | X71: X | Z71: Flotation Tailings Thickener Underflow Pump 2 is Running. | AA71: 2
M72: Manually opened by Operator | N72: Manually closed by Operator | O72: OP1 | P72: XV17092 CLOSED AND XV17094 CLOSED | Q72: Thickener D/C Valves Closed | R72: 3 | T72: X | X72: X | Z72: Prevent opening of the suction-drain valve until the thickener cone valves are closed. Bypass for dumping of thickener. | AA72: 2
E73: XV17113 | F73: 2000-F17-PID-PR-10002 | G73: F17-PP-456 Flotation Tailings Thickener Underflow Pump 2 Discharge Valve | H73: F17PP456 Discharge | I73: Detail 3 | J73: FL | K73: X | L73: X | M73: F17-SEQ-0001 | N73: F17-SEQ-0002 | O73: CT1 | P73: F17PP455 RUNNING | Q73: F17TH401 U/F Pump 1 Running | R73: 3 | W73: X | X73: X | AA73: 2
M74: Manually opened by Operator | N74: Manually closed by Operator
E75: SV17114 | F75: 2000-F24-PID-PR-10004 | G75: F17-PP-456 Flotation Tailings Thickener Underflow Pump 2 Gland Water Solenoid Valve | H75: F17PP456 Gland Water | I75: Detail 11 | J75: FO | K75: X | L75: X | M75: F17-SEQ-0001 | N75: F17-SEQ-0002 | O75: OT1 | P75: F17PP456 RUNNING | Q75: F17TH401 U/F Pump 2 Running | R75: 0 | V75: X | Z75: Prevent closing of solenoid valve if pump is running. Open trip prevents CRO from selecting "close" on solenoid valve, tripping pump and upsetting process. | AA75: B
M76: Manually opened by Operator | N76: Manually closed by Operator
E77: XV17123 | F77: 2000-F17-PID-PR-10002 | G77: Flotation Tailings Thickener Underflow Pumps CIL 2, 3, 4, Tails Feed Valve | H77: F17TH401 U/F Forward | I77: Detail 3 | J77: FL | K77: X | L77: X | M77: F17-SEQ-0001 | N77: F17-SEQ-0001 | AA77: B
M78: Manually opened by Operator | N78: Manually closed by Operator
E79: XV17124 | F79: 2000-F17-PID-PR-10002 | G79: Flotation Tailings Thickener Underflow Pumps CIL 2, 3, 4, Tails Feed Drain Valve | H79: F17TH401 U/F Fwd Drain | I79: Detail 4 | J79: FO | K79: X | L79: X | M79: F17-SEQ-0002 | N79: F17-SEQ-0001 / F17-SEQ-0002 | O79: CT1 | P79: F17PP455/456 RUNNING | Q79: F17TH401 U/F Pump 1/2 Running | R79: 3 | W79: X | X79: X | Z79: Bypass for line clearing. | AA79: 2
M80: Manually opened by Operator | N80: Manually closed by Operator
E81: XV17125 | F81: 2000-F17-PID-PR-10002 | G81: Flotation Tailings Thickener Underflow Pumps Recirculation Feed Box Valve | H81: F17TH401 U/F Recirc | I81: Detail 3 | J81: FL | K81: X | L81: X | M81: F17-SEQ-0001 | N81: F17-SEQ-0001 | O81: CT1 | P81: F17PP455/456 RUNNING AND XV17126 OPEN | Q81: F17PP455/6 Rung & RecircDrainOpn | R81: 3 | W81: X | X81: X | Z81: Flotation Tailings Thickener Underflow Pump 1/2 is Running and Recirculation Line Drain Valve is Open. Bypass for line clearing. | AA81: 2
M82: Manually opened by Operator | N82: Manually closed by Operator | O82: OT1 | P82: DUTY F17PP455/456 RUNNING AND XV17123 CLOSED | Q82: F17PP455/6 Rung & D/C Closed | R82: 0 | V82: X | X82: X | Z82: Flotation Tailings Thickener Underflow Pump 1/2 is Running and Common Discharge Valve is Closed. Place thickener into recirculation mode before tripping duty underflow pumps. | AA82: B
E83: XV17126 | F83: 2000-F17-PID-PR-10002 | G83: Flotation Tailings Thickener Underflow Pumps Recirculation Feed Box Drain Valve | H83: F17TH401 U/F RecircDrain | I83: Detail 3 | J83: FL | K83: X | L83: X | M83: Manually opened by Operator | N83: F17-SEQ-0001 | AA83: B
E85: XV17131 | F85: 2000-F17-PID-PR-10002 | G85: Flotation Tailings Thickener Underflow Pumps CIL 2, 3, 4, Tails Feed Valve | H85: F17TH401 U/F Fwd Flush | I85: Detail 3 | J85: FL | K85: X | L85: X | M85: F17-SEQ-0002 | N85: F17-SEQ-0001 / F17-SEQ-0002 | AA85: B
M86: Manually opened by Operator | N86: Manually closed by Operator
E87: XV17132 | F87: 2000-F17-PID-PR-10002 | G87: Flotation Tailings Thickener Underflow Pumps Final Tails Feed Valve | H87: F17TH401 UF to FinTails | I87: Detail 3 | J87: FL | K87: X | L87: X | M87: F17-SEQ-0001 | N87: F17-SEQ-0001 | AA87: C
M88: Manually opened by Operator | N88: Manually closed by Operator
E89: XV18012 | F89: 2000-F18-PID-PR-10001 | G89: F18-HP-414 Final Concentrate Hopper Process Water Valve | H89: F18HP414 Water Isolation | I89: Detail 4 | J89: FC | K89: X | L89: X | M89: F18-SEQ-0001 | N89: F18-SEQ-0002 | O89: CT1 | P89: LIC18001A >= A_HH | Q89: F18HP414 Level High High | R89: 30 | W89: X | Z89: Close off Mill Water addition to hopper if Level High High | AA89: C
M90: Manually opened by Operator | N90: Manually closed by Operator
E91: XV18013 | F91: 2000-F18-PID-PR-10001 | G91: F18-HP-501 Cleaner Flotation Cell Feed Hopper Process Water Valve | H91: F18HP501 Water Isolation | I91: Detail 4 | J91: FC | K91: X | L91: X | M91: F18-SEQ-0003 | N91: F18-SEQ-0004 | O91: CT1 | P91: LIC18011A >= A_HH | Q91: F18HP501 Level High High | R91: 30 | W91: X | Z91: Close off Mill Water addition to hopper if Level High High | AA91: C
M92: Manually opened by Operator | N92: Manually closed by Operator
E93: XV18021 | F93: 2000-F18-PID-PR-10001 | G93: F18-PP-407 Final Concentrate Pump 1 Suction Valve | H93: F18PP407 Suction | I93: Detail 3 | J93: FL | K93: X | L93: X | M93: F18-SEQ-0001 | N93: F18-SEQ-0002 | AA93: B
M94: Manually opened by Operator | N94: Manually closed by Operator
E95: XV18022 | F95: 2000-F18-PID-PR-10001 | G95: F18-PP-407 Final Concentrate Pump 1 Drain Valve | H95: F18PP407 Suction Drain | I95: Detail 4 | J95: FO | K95: X | L95: X | M95: F18-SEQ-0002 | N95: F18-SEQ-0001 | O95: CT1 | P95: F18PP407 RUNNING | Q95: Final Concentrate Pump 1 Running | R95: 3 | W95: X | X95: X | AA95: 2
M96: Manually opened by Operator | N96: Manually closed by Operator
E97: XV18023 | F97: 2000-F18-PID-PR-10001 | G97: F18-PP-407 Final Concentrate Pump 1 Discharge Valve | H97: F18PP407 Discharge | I97: Detail 3 | J97: FL | K97: X | L97: X | M97: F18-SEQ-0001 | N97: F18-SEQ-0002 | O97: CT1 | P97: F18PP408 RUNNING | Q97: Final Concentrate Pump 2 Running | R97: 3 | W97: X | X97: X | AA97: 2
M98: Manually opened by Operator | N98: Manually closed by Operator
E99: XV18024 | F99: 2000-F18-PID-PR-10001 | G99: F18-PP-408 Final Concentrate Pump 2 Suction Valve | H99: F18PP408 Suction | I99: Detail 3 | J99: FL | K99: X | L99: X | M99: F18-SEQ-0001 | N99: F18-SEQ-0002 | AA99: B
M100: Manually opened by Operator | N100: Manually closed by Operator
E101: XV18025 | F101: 2000-F18-PID-PR-10001 | G101: F18-PP-408 Final Concentrate Pump 2 Drain Valve | H101: F18PP408 Suction Drain | I101: Detail 4 | J101: FO | K101: X | L101: X | M101: F18-SEQ-0002 | N101: F18-SEQ-0001 | O101: CT1 | P101: F18PP408 RUNNING | Q101: Final Concentrate Pump 2 Running | R101: 3 | W101: X | X101: X | AA101: 2
M102: Manually opened by Operator | N102: Manually closed by Operator
E103: XV18026 | F103: 2000-F18-PID-PR-10001 | G103: F18-PP-408 Final Concentrate Pump 2 Discharge Valve | H103: F18PP408 Discharge | I103: Detail 3 | J103: FL | K103: X | L103: X | M103: F18-SEQ-0001 | N103: F18-SEQ-0002 | O103: CT1 | P103: F18PP407 RUNNING | Q103: Final Concentrate Pump 1 Running | R103: 3 | W103: X | X103: X | AA103: 2
M104: Manually opened by Operator | N104: Manually closed by Operator
E105: XV18028 | F105: 2000-F18-PID-PR-10001 | G105: F18-SA-403 Final Concentrate Sampler Discharge Valve | H105: F18SA403 Discharge | I105: Detail 7 | J105: FC | K105: X | M105: F18-SEQ-0001 | N105: F18-SEQ-0002 | AA105: B
M106: Manually opened by Operator | N106: Manually closed by Operator
E107: XV18029 | F107: 2000-F18-PID-PR-10001 | G107: F18-SA-403 Final Concentrate Sampler Discharge Valve | H107: F18SA403 Sample Flush | I107: Detail 7 | J107: FC | K107: X | L107: X | N107: F18-SEQ-0001 | O107: OP1 | P107: XV18028 CLOSED | Q107: F18SA403 Discharge Valve Closed. | R107: 3 | T107: X | X107: X | Z107: Bypass for operator discretion & low sample flow. | AA107: 2
M108: Manually opened by Operator | N108: Manually closed by Operator
E109: XV18031 | F109: 2000-F18-PID-PR-10001 | G109: F18-PP-501 Cleaner Flotation Cell Recirculation Pump 1 Suction Valve | H109: F18PP501 Suction | I109: Detail 3 | J109: FL | K109: X | L109: X | M109: F18-SEQ-0003 | N109: F18-SEQ-0004 | AA109: B
M110: Manually opened by Operator | N110: Manually closed by Operator
E111: XV18032 | F111: 2000-F18-PID-PR-10001 | G111: F18-PP-501 Cleaner Flotation Cell Recirculation Pump 1 Drain Valve | H111: F18PP501 Suction Drain | I111: Detail 4 | J111: FO | K111: X | L111: X | M111: F18-SEQ-0004 | N111: F18-SEQ-0003 | O111: CT1 | P111: F18PP501 RUNNING | Q111: Cleaner Recirc Pump 1 Running | R111: 3 | W111: X | X111: X | AA111: 2
M112: Manually opened by Operator | N112: Manually closed by Operator
E113: XV18033 | F113: 2000-F18-PID-PR-10001 | G113: F18-PP-501 Cleaner Flotation Cell Recirculation Pump 1 Discharge Valve | H113: F18PP501 Discharge | I113: Detail 3 | J113: FL | K113: X | L113: X | M113: F18-SEQ-0003 | N113: F18-SEQ-0004 | O113: CT1 | P113: F18PP502 RUNNING | Q113: Cleaner Recirc Pump 2 Running | R113: 3 | W113: X | X113: X | AA113: 2
M114: Manually opened by Operator | N114: Manually closed by Operator
E115: XV18034 | F115: 2000-F18-PID-PR-10001 | G115: F18-PP-502 Cleaner Flotation Cell Recirculation Pump 2 Suction Valve | H115: F18PP502 Suction | I115: Detail 3 | J115: FL | K115: X | L115: X | M115: F18-SEQ-0003 | N115: F18-SEQ-0004 | AA115: B
M116: Manually opened by Operator | N116: Manually closed by Operator
...

Sheet 7. Control Valves
E1: KCGM GROWTH PROJECT
E2: PROCESS CONTROL TABLES - FLOTATION (F16, F17, F18)
E3: 2000-F16-LST-PR-10001
E4: CONTROL VALVES
O5: Permissive and Trips
A6: Area | B6: Type | C6: Loop No. | D6: Suffix | E6: Tag Name | F6: P&ID | G6: Valve Description | H6: Abbreviated Description (Faceplate) | I6: Valve Type | J6: Fail Position | K6: Manual | L6: Auto | M6: Open Condition (Auto Mode) | N6: Close Condition (Auto Mode) | O6: # | P6: Condition | Q6: Description (Faceplate) | R6: Delay On | S6: Delay Off | T6: Open Permissive | U6: Close Permissive | V6: Open Interlock | W6: Close Interlock | X6: Bypass | Y6: Reset Required | Z6: Comments | AA6: Rev
E7: FCV16011 | F7: 2000-F16-PID-PR-10001 | G7: F16-CF-411 Rougher Flotation Cell 1 Low Pressure Air Flow Control Valve | H7: F16CF11 Blower Air | I7: Vendor | J7: FL | K7: X | L7: X | M7: FIC16011 | N7: FIC16011 | AA7: B
E8: FCV16051 | F8: 2000-F16-PID-PR-10002 | G8: F16-CF-412 Rougher Flotation Cell 2 Low Pressure Air Flow Control Valve | H8: F16CF412 Blower Air | I8: Vendor | J8: FL | K8: X | L8: X | M8: FIC16051 | N8: FIC16051 | AA8: B
E9: LCV16013A | F9: 2000-F16-PID-PR-10002 | G9: F16-CF-412 Rougher Flotation Cell 2 Level Control Valve A | H9: F16CF412 Dart Valve A | I9: Vendor | J9: FL | K9: X | L9: X | M9: LIC16013A | N9: LIC16013A | Z9: Vendor specified operating range: 50 - 80% stroke. To be primary valve adjusting level when in Auto. To be confirmed during commissioning. Source: 2000-ME001.4-M02-50001. | AA9: 0
E10: LCV16013B | F10: 2000-F16-PID-PR-10002 | G10: F16-CF-412 Rougher Flotation Cell 2 Level Control Valve B | H10: F16CF412 Dart Valve B | I10: Vendor | J10: FL | K10: X | L10: X | M10: LIC16013B | N10: LIC16013B | Z10: Vendor specified operating range: 50 - 80% stroke. To be held at constant setpoint when in Auto. To be confirmed during commissioning. Source: 2000-ME001.4-M02-50001. | AA10: 0
E11: FCV16061 | F11: 2000-F16-PID-PR-10002 | G11: F16-CF-413 Rougher Flotation Cell 3 Low Pressure Air Flow Control Valve | H11: F16CF413 Blower Air | I11: Vendor | J11: FL | K11: X | L11: X | M11: FIC16061 | N11: FIC16061 | Z11: Source: 2000-ME001.4-M02-50001. | AA11: 0
E12: LCV16053A | F12: 2000-F16-PID-PR-10002 | G12: F16-CF-413 Rougher Flotation Cell 3 Level Control Valve A | H12: F16CF413 Dart Valve A | I12: Vendor | J12: FL | K12: X | L12: X | M12: LIC16053A | N12: LIC16053A | Z12: Vendor specified operating range: 50 - 80% stroke. To be primary valve adjusting level when in Auto. To be confirmed during commissioning. Source: 2000-ME001.4-M02-50001. | AA12: 0
E13: LCV16053B | F13: 2000-F16-PID-PR-10002 | G13: F16-CF-413 Rougher Flotation Cell 3 Level Control Valve B | H13: F16CF413 Dart Valve B | I13: Vendor | J13: FL | K13: X | L13: X | M13: LIC16053B | N13: LIC16053B | Z13: Vendor specified operating range: 50 - 80% stroke. To be held at constant setpoint when in Auto. To be confirmed during commissioning. Source: 2000-ME001.4-M02-50001. | AA13: 0
E14: FCV16081 | F14: 2000-F16-PID-PR-10003 | G14: F16-CF-414 Scavenger Flotation Cell 1 Low Pressure Air Flow Control Valve | H14: F16CF414 Blower Air | I14: Vendor | J14: FL | K14: X | L14: X | M14: FIC16081 | N14: FIC16081 | Z14: Source: 2000-ME001.4-M02-50001. | AA14: 0
E15: LCV16063A | F15: 2000-F16-PID-PR-10003 | G15: F16-CF-414 Scavenger Flotation Cell 1 Level Control Valve A | H15: F16CF414 Dart Valve A | I15: Vendor | J15: FL | K15: X | L15: X | M15: LIC16063A | N15: LIC16063A | Z15: Vendor specified operating range: 50 - 80% stroke. To be primary valve adjusting level when in Auto. To be confirmed during commissioning. Source: 2000-ME001.4-M02-50001. | AA15: 0
E16: LCV16063B | F16: 2000-F16-PID-PR-10003 | G16: F16-CF-414 Scavenger Flotation Cell 1 Level Control Valve B | H16: F16CF414 Dart Valve B | I16: Vendor | J16: FL | K16: X | L16: X | M16: LIC16063B | N16: LIC16063B | Z16: Vendor specified operating range: 50 - 80% stroke. To be held at constant setpoint when in Auto. To be confirmed during commissioning. Source: 2000-ME001.4-M02-50001. | AA16: 0
E17: FCV16091 | F17: 2000-F16-PID-PR-10003 | G17: F16-CF-415 Scavenger Flotation Cell 2 Low Pressure Air Flow Control Valve | H17: F16CF415 Blower Air | I17: Vendor | J17: FL | K17: X | L17: X | M17: FIC16091 | N17: FIC16091 | Z17: Source: 2000-ME001.4-M02-50001. | AA17: 0
E18: LCV16083A | F18: 2000-F16-PID-PR-10003 | G18: F16-CF-415 Scavenger Flotation Cell 2 Level Control Valve A | H18: F16CF415 Dart Valve A | I18: Vendor | J18: FL | K18: X | L18: X | M18: LIC16083A | N18: LIC16083A | Z18: Vendor specified operating range: 50 - 80% stroke. To be primary valve adjusting level when in Auto. To be confirmed during commissioning. Source: 2000-ME001.4-M02-50001. | AA18: 0
E19: LCV16083B | F19: 2000-F16-PID-PR-10003 | G19: F16-CF-415 Scavenger Flotation Cell 2 Level Control Valve B | H19: F16CF415 Dart Valve B | I19: Vendor | J19: FL | K19: X | L19: X | M19: LIC16083B | N19: LIC16083B | Z19: Vendor specified operating range: 50 - 80% stroke. To be held at constant setpoint when in Auto. To be confirmed during commissioning. Source: 2000-ME001.4-M02-50001. | AA19: 0
E20: FCV16101 | F20: 2000-F16-PID-PR-10003 | G20: F16-CF-416 Scavenger Flotation Cell 3 Low Pressure Air Flow Control Valve | H20: F16CF416 Blower Air | I20: Vendor | J20: FL | K20: X | L20: X | M20: FIC16101 | N20: FIC16101 | Z20: Source: 2000-ME001.4-M02-50001. | AA20: 0
... E25: LCV16103B | F25: 2000-F16-PID-PR-10003 | G25: F16-CF-417 Scavenger Flotation Cell 4 Level Control Valve B | H25: F16CF417 Dart Valve B | I25: Vendor | J25: FL | K25: X | L25: X | M25: LIC16103B | N25: LIC16103B | Z25: Vendor specified operating range: 50 - 80% stroke. To be held at constant setpoint when in Auto. To be confirmed during commissioning. Source: 2000-ME001.4-M02-50001. | AA25: 0
E26: LCV16113A | F26: 2000-F16-PID-PR-10003 | G26: F16-BX-412 Flotation Discharge Box Level Control Valve A | H26: F16BX412 Discharge Box A | I26: Vendor | J26: FL | K26: X | L26: X | M26: LIC16113A | N26: LIC16113A | AA26: B
E27: LCV16113B | F27: 2000-F16-PID-PR-10003 | G27: F16-BX-412 Flotation Discharge Box Level Control Valve B | H27: F16BX412 Discharge Box B | I27: Vendor | J27: FL | K27: X | L27: X | M27: LIC16113B | N27: LIC16113B | AA27: B
E28: FCV17001 | F28: 2000-F17-PID-PR-10001 | G28: F17-XM-413 Pre-Leach Thickener Flocculant In-Line Mixer Process Water Flow Control Valve | H28: F17XM413 Flocc PW Diln | I28: Detail 1 | J28: FC | K28: X | L28: X | M28: FIC17001 | N28: FIC17001 | AA28: C
E29: FCV17127 | F29: 2000-F17-PID-PR-10002 | G29: Flotation Tailings Thickener Underflow Pumps CIL2 Feed Flow Control Valve | H29: F17TH401 UF to CIL3 | I29: Detail 2 | J29: FO | K29: X | L29: X | M29: FIC17127 | N29: FIC17127 | AA29: B
E30: FCV17128 | F30: 2000-F17-PID-PR-10002 | G30: Flotation Tailings Thickener Underflow Pumps CIL3 Feed Flow Control Valve | H30: F17TH401 UF to CIL2 | I30: Detail 2 | J30: FO | K30: X | L30: X | M30: FIC17128 | N30: FIC17128 | AA30: B
E31: FCV17130 | F31: 2000-F17-PID-PR-10002 | G31: Flotation Tailings Thickener Underflow Pumps Final Tails Tank Flow Control Valve | H31: F17TH401 UF to FinTails | I31: Detail 2 | J31: FO | K31: X | L31: X | M31: Manually set by CRO via ZC17130 | N31: Manually set by CRO via ZC17130 | AA31: 0
E32: LCV18001 | F32: 2000-F18-PID-PR-10001 | G32: F18-HP-414 Final Concentrate Hopper Process Water Feed Level Control Valve | H32: F18HP414 Water Addition | I32: Detail 1 | J32: FC | K32: X | L32: X | M32: LIC18001A | N32: LIC18001A | AA32: 1
E33: LCV18011A | F33: 2000-F18-PID-PR-10001 | G33: F18-HP-501 Cleaner Flotation Cell Feed Hopper Process Water Feed Level Control Valve | H33: F18HP501 Water Addition | I33: Detail 1 | J33: FC | K33: X | L33: X | M33: LIC18011A | N33: LIC18011A | AA33: 1
E34: LCV18051 | F34: 2000-F18-PID-PR-10002 | G34: F18-CF-501 Cleaner Flotation Cell Tank Slurry Level Control Valve | H34: F18CF501 Froth Depth | I34: Vendor | J34: FL | K34: X | L34: X | M34: F18-SEQ-0009 | N34: Manually closed by Operator | AA34: B
M35: LIC18051 | N35: LIC18051 | AA35: B
E36: FCV18056 | F36: 2000-F18-PID-PR-10002 | G36: F18-CF-501 Cleaner Flotation Cell Air Flow Control Valve | H36: F18CF501 Air | I36: Vendor | J36: FL | K36: X | L36: X | M36: F18-SEQ-0009 | N36: Manually closed by Operator | AA36: B
M37: FIC18056 | N37: FIC18056 | AA37: B
E38: FCV18057 | F38: 2000-F18-PID-PR-10002 | G38: F18-CF-501 Cleaner Flotation Cell Wash Water Flow Flow Control Valve | H38: F18CF501 Con Wash Water | I38: Vendor | J38: FL | K38: X | L38: X | M38: F18-SEQ-0009 | N38: Manually closed by Operator | AA38: B
M39: FIC18057 | N39: FIC18057 | AA39: B
E40: LCV18011B | F40: 2000-F18-PID-PR-10002 | G40: F18-BX-501 Cleaner Flotation ERM Recycle Level Control Valve | H40: F18CF501 Recycle | I40: Detail 2 | J40: FO | K40: X | L40: X | M40: F18-SEQ-0009 | N40: Manually closed by Operator | AA40: B
M41: LIC18011A | N41: LIC18011A | AA41: B
E42: LCV18201A | F42: 2000-F18-PID-PR-10003 | G42: F18-HP-511 Cleaner Scavenger Flotation Cell Feed Hopper Level Control Valve | H42: F18HP511 Process Water | I42: Detail 1 | J42: FC | K42: X | L42: X | M42: LIC18201A | N42: LIC18201A | AA42: 1
E43: LCV18211 | F43: 2000-F18-PID-PR-10003 | G43: F18-HP-513 Cleaner Scavenger Flotation Cell Tails Hopper Level Control Valve | H43: F18HP513 Process Water | I43: Detail 1 | J43: FC | K43: X | L43: X | M43: LIC18211A | N43: LIC18211A | AA43: 1
E44: LCV18251 | F44: 2000-F18-PID-PR-10004 | G44: F18-CF-511 Cleaner-Scavenger Flotation Cell Tank Slurry Level Control Valve | H44: F18CF511 Froth Depth | I44: Vendor | J44: FL | K44: X | L44: X | M44: F18-SEQ-0010 | N44: Manually closed by Operator | AA44: B
M45: LIC18251 | N45: LIC18251 | AA45: B
E46: FCV18256 | F46: 2000-F18-PID-PR-10004 | G46: F18-CF-511 Cleaner-Scavenger Flotation Cell Air Flow Control Valve | H46: F18CF511 Air | I46: Vendor | J46: FL | K46: X | L46: X | M46: F18-SEQ-0010 | N46: Manually closed by Operator | AA46: B
M47: FIC18256 | N47: FIC18256 | AA47: B
E48: FCV18257 | F48: 2000-F18-PID-PR-10004 | G48: F18-CF-511 Cleaner-Scavenger Flotation Cell Wash Water Flow Flow Control Valve | H48: F18CF511 Con Wash Water | I48: Vendor | J48: FL | K48: X | L48: X | M48: F18-SEQ-0010 | N48: Manually closed by Operator | AA48: B
M49: FIC18257 | N49: FIC18257 | AA49: B
E50: LCV18201B | F50: 2000-F18-PID-PR-10004 | G50: F18-CF-511 Cleaner-Scavenger Flotation Cell Recycle Valve | H50: F18CF511 Recycle | I50: Detail 2 | J50: FO | K50: X | L50: X | M50: F18-SEQ-0010 | N50: Manually closed by Operator | AA50: B
M51: LIC18201B | N51: LIC18201B | AA51: B
E52: DO NOT DELETE THIS ROW INSERT NEW ROWS ABOVE
E54: =COUNTA(E7:E51) -> 37

Sheet 8. PID Cont
E1: KCGM GROWTH PROJECT
E2: PROCESS CONTROL TABLES - FLOTATION (F16, F17, F18)
E3: 2000-F16-LST-PR-10001
E4: PID Controllers
K5: Modes | O5: Setpoint | R5: Range | U5: Process Switchpoints | AG5: Alarms | AP5: Controlled/Manipulated Variable | BA5: Comment | BB5: Rev
A6: Area | B6: Type | C6: Loop No. | D6: Suffix | E6: Tag Source | F6: Tag Name | G6: P&ID | H6: Controller Description | I6: Abbreviated Description (Faceplate) | J6: Normal Operating Mode | K6: Manual | L6: Auto | M6: Cascade | N6: Process Value Tag | O6: Min | P6: Max | Q6: Unit | R6: Min | S6: Max | T6: Unit | U6: P_LL | V6: P_LL Delay ON (sec) | W6: P_LL Delay OFF (sec) | X6: P_Lo | Y6: P_Lo Delay ON (sec) | Z6: P_Lo Delay OFF (sec) | AA6: P_Hi | AB6: P_Hi Delay ON (sec) | AC6: P_Hi Delay OFF (sec) | AD6: P_HH | AE6: P_HH Delay ON (sec) | AF6: P_HH Delay OFF (sec) | AG6: A_LL | AH6: A_LL Delay (sec) | AI6: A_Lo | AJ6: A_Lo Delay (sec) | AK6: A_Hi | AL6: A_Hi Delay (sec) | AM6: A_HH | AN6: A_HH Delay (sec) | AO6: Alarm Masking Conditions | AP6: Range Min | AQ6: Range Max | AR6: Lower Limit | AS6: Upper Limit | AT6: Unit | AU6: Destination Description | AV6: Destination (Output) Tag | AW6: Direct / Reverse Acting | AX6: P | AY6: I | AZ6: D
E7: FT16011 | F7: FIC16011 | G7: 2000-F16-PID-PR-10001 | H7: F16-CF-411 Rougher Flotation Cell 1 Low Pressure Air Flow Transmitter | I7: F16CF411 Blower Air Ctrl | J7: Auto | K7: X | L7: X | N7: FT16011 | O7: 50 | P7: 102 | Q7: m3/min | R7: 0 | S7: 120 | T7: m3/min | AI7: 40 | AJ7: 5 | AK7: 103 | AL7: 5 | AP7: 0 | AQ7: 100 | AR7: 0 | AS7: 100 | AT7: % Open (valve) | AU7: F16-CF-411 Rougher Flotation Cell 1 Low Pressure Air Flow Control Valve | AV7: FCV16011 | AW7: Reverse | BA7: Alarm setpoints based on the design cell superficial gas velocity: Superficial Gas Velocity, Design (Jg) = 1.5 cm/s Air Flow Rate, Design = 71.9 m3/h Superficial Gas Velocity, Max (Jg)= 2 cm/s Air Flow Rate, Max = 95.7 m3/h (Design as per 2000-ME001.4-F13-50002). Flowrate variable on varying temperature and pressure. Design and Max flowrates calculated on: T = 100C P = 100kPa(g) Sources: 2000-ME001.4-F16-50001 & 2000-ME001.4-F13-50002. Alarm setpoints to be confirmed during commissioning. Instrument to be ranged greater than 2000-ME001.4-F16-50002 due to additional blower capacity. | BB7: 1
E8: LIT16013 | F8: LIC16013 | G8: 2000-F16-PID-PR-10001 | H8: F16-CF-411 Rougher Flotation Cell 1 Level Transmitter | I8: F16CF411 Level Ctrl | J8: Auto | K8: X | L8: X | N8: LIT16013 | O8: 100 | P8: 400 | Q8: mm | R8: 0 | S8: 6000 | T8: mm | AI8: 50 | AJ8: 5 | AK8: 450 | AL8: 5 | AP8: 0 | AQ8: 100 | AR8: 0 | AS8: 100 | AT8: % Open (valve) | AU8: F16-CF-412 Rougher Flotation Cell 2 Level Control Valve A | AV8: LCV16013A | AW8: Reverse | BA8: Vendor specified operating philosophy is to maintain Valve B at a static position and Valve A to control the level, reducing variability in PID loop. For fine control, programme actuators such that Valve A moves its full stroke (range) before adjusting Valve B position. Functional Description: 2000-ME001.4-M02-50001 IO List: 2000-ME001.4-F16-50001. Instrument Range: 0 - 6000 mm. Instrument range to be reversed such that 0mm means no froth depth (20mA) and 500mm is the maximum froth depth (0mA). PID loop control to be confirmed during commissioning. Alarm setpoints to be confirmed during commissioning. | BB8: 0
AP9: 0 | AQ9: 100 | AR9: 30 | AS9: 100 | AT9: % Open (valve) | AU9: F16-CF-412 Rougher Flotation Cell 2 Level Control Valve B | AV9: LCV16013B | AW9: Reverse | BA9: As per above comments. | BB9: 0
E10: FT16051 | F10: FIC16051 | G10: 2000-F16-PID-PR-10002 | H10: F16-CF-412 Rougher Flotation Cell 2 Low Pressure Air Flow Transmitter | I10: F16CF412 Blower Air Ctrl | J10: Auto | K10: X | L10: X | N10: FT16051 | O10: 50 | P10: 102 | Q10: m3/min | R10: 0 | S10: 120 | T10: m3/min | AI10: 40 | AJ10: 5 | AK10: 103 | AL10: 5 | AP10: 0 | AQ10: 100 | AR10: 0 | AS10: 100 | AT10: % Open (valve) | AU10: F16-CF-412 Rougher Flotation Cell 2 Low Pressure Air Flow Control Valve | AV10: FCV16051 | AW10: Reverse | BA10: Alarm setpoints based on the design cell superficial gas velocity: Superficial Gas Velocity, Design (Jg) = 1.5 cm/s Air Flow Rate, Design = 71.9 m3/h Superficial Gas Velocity, Max (Jg)= 2 cm/s Air Flow Rate, Max = 95.7 m3/h (Design as per 2000-ME001.4-F13-50002). Flowrate variable on varying temperature and pressure. Design and Max flowrates calculated on: T = 100C P = 100kPa(g) Sources: 2000-ME001.4-F16-50001 & 2000-ME001.4-F13-50002. Alarm setpoints to be confirmed during commissioning. Instrument to be ranged greater than 2000-ME001.4-F16-50002 due to additional blower capacity. | BB10: 0
E11: LIT16053 | F11: LIC16053 | G11: 2000-F16-PID-PR-10002 | H11: F16-CF-412 Rougher Flotation Cell 2 Level Transmitter | I11: F16CF412 Level Ctrl | J11: Auto | K11: X | L11: X | N11: LIT16053 | O11: 100 | P11: 400 | Q11: mm | R11: 0 | S11: 6000 | T11: mm | AI11: 50 | AJ11: 5 | AK11: 450 | AL11: 5 | AP11: 0 | AQ11: 100 | AR11: 0 | AS11: 100 | AT11: % Open (valve) | AU11: F16-CF-413 Rougher Flotation Cell 3 Level Control Valve A | AV11: LCV16053A | AW11: Reverse | BA11: Vendor specified operating philosophy is to maintain Valve B at a static position and Valve A to control the level, reducing variability in PID loop. For fine control, programme actuators such that Valve A moves its full stroke (range) before adjusting Valve B position. Functional Description: 2000-ME001.4-M02-50001 IO List: 2000-ME001.4-F16-50001. Instrument Range: 0 - 6000 mm. Instrument range to be reversed such that 0mm means no froth depth (20mA) and 500mm is the maximum froth depth (0mA). PID loop control to be confirmed during commissioning. Alarm setpoints to be confirmed during commissioning. | BB11: 0
AP12: 0 | AQ12: 100 | AR12: 30 | AS12: 100 | AT12: % Open (valve) | AU12: F16-CF-413 Rougher Flotation Cell 3 Level Control Valve B | AV12: LCV16053B | AW12: Reverse | BA12: As per above comments. | BB12: 0
E13: FT16061 | F13: FIC16061 | G13: 2000-F16-PID-PR-10002 | H13: F16-CF-413 Rougher Flotation Cell 3 Low Pressure Air Flow Transmitter | I13: F16CF413 Blower Air Ctrl | J13: Auto | K13: X | L13: X | N13: FT16061 | O13: 50 | P13: 102 | Q13: m3/min | R13: 0 | S13: 120 | T13: m3/min | AI13: 40 | AJ13: 5 | AK13: 103 | AL13: 5 | AP13: 0 | AQ13: 100 | AR13: 0 | AS13: 100 | AT13: % Open (valve) | AU13: F16-CF-413 Rougher Flotation Cell 3 Low Pressure Air Flow Control Valve | AV13: FCV16061 | AW13: Reverse | BA13: Alarm setpoints based on the design cell superficial gas velocity: Superficial Gas Velocity, Design (Jg) = 1.5 cm/s Air Flow Rate, Design = 71.9 m3/h Superficial Gas Velocity, Max (Jg)= 2 cm/s Air Flow Rate, Max = 95.7 m3/h (Design as per 2000-ME001.4-F13-50002). Flowrate variable on varying temperature and pressure. Design and Max flowrates calculated on: T = 100C P = 100kPa(g) Sources: 2000-ME001.4-F16-50001 & 2000-ME001.4-F13-50002. Alarm setpoints to be confirmed during commissioning. Instrument to be ranged greater than 2000-ME001.4-F16-50002 due to additional blower capacity. | BB13: 0
E14: LIT16063 | F14: LIC16063 | G14: 2000-F16-PID-PR-10002 | H14: F16-CF-413 Rougher Flotation Cell 3 Level Indicating Transmitter | I14: F16CF413 Level Ctrl | J14: Auto | K14: X | L14: X | N14: LIT16063 | O14: 100 | P14: 400 | Q14: mm | R14: 0 | S14: 6000 | T14: mm | AI14: 50 | AJ14: 5 | AK14: 450 | AL14: 5 | AP14: 0 | AQ14: 100 | AR14: 0 | AS14: 100 | AT14: % Open (valve) | AU14: F16-CF-414 Scavenger Flotation Cell 1 Level Control Valve A | AV14: LCV16063A | AW14: Reverse | BA14: Vendor specified operating philosophy is to maintain Valve B at a static position and Valve A to control the level, reducing variability in PID loop. For fine control, programme actuators such that Valve A moves its full stroke (range) before adjusting Valve B position. Functional Description: 2000-ME001.4-M02-50001 IO List: 2000-ME001.4-F16-50001. Instrument Range: 0 - 6000 mm. Instrument range to be reversed such that 0mm means no froth depth (20mA) and 500mm is the maximum froth depth (0mA). PID loop control to be confirmed during commissioning. Alarm setpoints to be confirmed during commissioning. | BB14: 0
AP15: 0 | AQ15: 100 | AR15: 30 | AS15: 100 | AT15: % Open (valve) | AU15: F16-CF-414 Scavenger Flotation Cell 1 Level Control Valve B | AV15: LCV16063B | AW15: Reverse | BA15: As per above comments. | BB15: 0
E16: FT16081 | F16: FIC16081 | G16: 2000-F16-PID-PR-10003 | H16: F16-CF-414 Scavenger Flotation Cell 1 Low Pressure Air Flow Transmitter | I16: F16CF414 Blower Air Ctrl | J16: Auto | K16: X | L16: X | N16: FT16081 | O16: 50 | P16: 102 | Q16: m3/min | R16: 0 | S16: 120 | T16: m3/min | AI16: 40 | AJ16: 5 | AK16: 103 | AL16: 5 | AP16: 0 | AQ16: 100 | AR16: 0 | AS16: 100 | AT16: % Open (valve) | AU16: F16-CF-414 Scavenger Flotation Cell 1 Low Pressure Air Flow Control Valve | AV16: FCV16081 | AW16: Reverse | BA16: Alarm setpoints based on the design cell superficial gas velocity: Superficial Gas Velocity, Design (Jg) = 1.5 cm/s Air Flow Rate, Design = 71.9 m3/h Superficial Gas Velocity, Max (Jg)= 2 cm/s Air Flow Rate, Max = 95.7 m3/h (Design as per 2000-ME001.4-F13-50002). Flowrate variable on varying temperature and pressure. Design and Max flowrates calculated on: T = 100C P = 100kPa(g) Sources: 2000-ME001.4-F16-50001 & 2000-ME001.4-F13-50002. Alarm setpoints to be confirmed during commissioning. Instrument to be ranged greater than 2000-ME001.4-F16-50002 due to additional blower capacity. | BB16: 0
E17: LIT16083 | F17: LIC16083 | G17: 2000-F16-PID-PR-10003 | H17: F16-CF-414 Scavenger Flotation Cell 1 Level Indicating Transmitter | I17: F16CF414 Level Ctrl | J17: Auto | K17: X | L17: X | N17: LIT16083 | O17: 100 | P17: 400 | Q17: mm | R17: 0 | S17: 6000 | T17: mm | AI17: 50 | AJ17: 5 | AK17: 450 | AL17: 5 | AP17: 0 | AQ17: 100 | AR17: 0 | AS17: 100 | AT17: % Open (valve) | AU17: F16-CF-415 Scavenger Flotation Cell 2 Level Control Valve A | AV17: LCV16083A | AW17: Reverse | BA17: Vendor specified operating philosophy is to maintain Valve B at a static position and Valve A to control the level, reducing variability in PID loop. For fine control, programme actuators such that Valve A moves its full stroke (range) before adjusting Valve B position. Functional Description: 2000-ME001.4-M02-50001 IO List: 2000-ME001.4-F16-50001. Instrument Range: 0 - 6000 mm. Instrument range to be reversed such that 0mm means no froth depth (20mA) and 500mm is the maximum froth depth (0mA). PID loop control to be confirmed during commissioning. Alarm setpoints to be confirmed during commissioning. | BB17: 0
AP18: 0 | AQ18: 100 | AR18: 30 | AS18: 100 | AT18: % Open (valve) | AU18: F16-CF-415 Scavenger Flotation Cell 2 Level Control Valve B | AV18: LCV16083B | AW18: Reverse | BA18: As per above comments. | BB18: 0
E19: FT16091 | F19: FIC16091 | G19: 2000-F16-PID-PR-10003 | H19: F16-CF-415 Scavenger Flotation Cell 2 Low Pressure Air Flow Transmitter | I19: F16CF415 Blower Air Ctrl | J19: Auto | K19: X | L19: X | N19: FT16091 | O19: 50 | P19: 102 | Q19: m3/min | R19: 0 | S19: 120 | T19: m3/min | AI19: 40 | AJ19: 5 | AK19: 103 | AL19: 5 | AP19: 0 | AQ19: 100 | AR19: 0 | AS19: 100 | AT19: % Open (valve) | AU19: F16-CF-415 Scavenger Flotation Cell 2 Low Pressure Air Flow Control Valve | AV19: FCV16091 | AW19: Reverse | BA19: Alarm setpoints based on the design cell superficial gas velocity: Superficial Gas Velocity, Design (Jg) = 1.5 cm/s Air Flow Rate, Design = 71.9 m3/h Superficial Gas Velocity, Max (Jg)= 2 cm/s Air Flow Rate, Max = 95.7 m3/h (Design as per 2000-ME001.4-F13-50002). Flowrate variable on varying temperature and pressure. Design and Max flowrates calculated on: T = 100C P = 100kPa(g) Sources: 2000-ME001.4-F16-50001 & 2000-ME001.4-F13-50002. Alarm setpoints to be confirmed during commissioning. Instrument to be ranged greater than 2000-ME001.4-F16-50002 due to additional blower capacity. | BB19: 0
E20: LIT16093 | F20: LIC16093 | G20: 2000-F16-PID-PR-10003 | H20: F16-CF-415 Scavenger Flotation Cell 2 Level Indicating Transmitter | I20: F16CF415 Level Ctrl | J20: Auto | K20: X | L20: X | N20: LIT16093 | O20: 100 | P20: 400 | Q20: mm | R20: 0 | S20: 6000 | T20: mm | AI20: 50 | AJ20: 5 | AK20: 450 | AL20: 5 | AP20: 0 | AQ20: 100 | AR20: 0 | AS20: 100 | AT20: % Open (valve) | AU20: F16-CF-416 Scavenger Flotation Cell 3 Level Control Valve A | AV20: LCV16093A | AW20: Reverse | BA20: Vendor specified operating philosophy is to maintain Valve B at a static position and Valve A to control the level, reducing variability in PID loop. For fine control, programme actuators such that Valve A moves its full stroke (range) before adjusting Valve B position. Functional Description: 2000-ME001.4-M02-50001 IO List: 2000-ME001.4-F16-50001. Instrument Range: 0 - 6000 mm. Instrument range to be reversed such that 0mm means no froth depth (20mA) and 500mm is the maximum froth depth (0mA). PID loop control to be confirmed during commissioning. Alarm setpoints to be confirmed during commissioning. | BB20: 0
AP21: 0 | AQ21: 100 | AR21: 30 | AS21: 100 | AT21: % Open (valve) | AU21: F16-CF-416 Scavenger Flotation Cell 3 Level Control Valve B | AV21: LCV16093B | AW21: Reverse | BA21: As per above comments. | BB21: 0
E22: FT16101 | F22: FIC16101 | G22: 2000-F16-PID-PR-10003 | H22: F16-CF-416 Scavenger Flotation Cell 3 Low Pressure Air Flow Transmitter | I22: F16CF416 Blower Air Ctrl | J22: Auto | K22: X | L22: X | N22: FT16101 | O22: 50 | P22: 102 | Q22: m3/min | R22: 0 | S22: 120 | T22: m3/min | AI22: 40 | AJ22: 5 | AK22: 103 | AL22: 5 | AP22: 0 | AQ22: 100 | AR22: 0 | AS22: 100 | AT22: % Open (valve) | AU22: F16-CF-416 Scavenger Flotation Cell 3 Low Pressure Air Flow Control Valve | AV22: FCV16101 | AW22: Reverse | BA22: Alarm setpoints based on the design cell superficial gas velocity: Superficial Gas Velocity, Design (Jg) = 1.5 cm/s Air Flow Rate, Design = 71.9 m3/h Superficial Gas Velocity, Max (Jg)= 2 cm/s Air Flow Rate, Max = 95.7 m3/h (Design as per 2000-ME001.4-F13-50002). Flowrate variable on varying temperature and pressure. Design and Max flowrates calculated on: T = 100C P = 100kPa(g) Sources: 2000-ME001.4-F16-50001 & 2000-ME001.4-F13-50002. Alarm setpoints to be confirmed during commissioning. Instrument to be ranged greater than 2000-ME001.4-F16-50002 due to additional blower capacity. | BB22: 0
E23: LIT16103 | F23: LIC16103 | G23: 2000-F16-PID-PR-10003 | H23: F16-CF-416 Scavenger Flotation Cell 3 Level Indicating Transmitter | I23: F16CF416 Level Ctrl | J23: Auto | K23: X | L23: X | N23: LIT16103 | O23: 100 | P23: 400 | Q23: mm | R23: 0 | S23: 6000 | T23: mm | AI23: 50 | AJ23: 5 | AK23: 450 | AL23: 5 | AP23: 0 | AQ23: 100 | AR23: 0 | AS23: 100 | AT23: % Open (valve) | AU23: F16-CF-417 Scavenger Flotation Cell 4 Level Control Valve A | AV23: LCV16103A | AW23: Reverse | BA23: Vendor specified operating philosophy is to maintain Valve B at a static position and Valve A to control the level, reducing variability in PID loop. For fine control, programme actuators such that Valve A moves its full stroke (range) before adjusting Valve B position. Functional Description: 2000-ME001.4-M02-50001 IO List: 2000-ME001.4-F16-50001. Instrument Range: 0 - 6000 mm. Instrument range to be reversed such that 0mm means no froth depth (20mA) and 500mm is the maximum froth depth (0mA). PID loop control to be confirmed during commissioning. Alarm setpoints to be confirmed during commissioning. | BB23: 0
AP24: 0 | AQ24: 100 | AR24: 30 | AS24: 100 | AT24: % Open (valve) | AU24: F16-CF-417 Scavenger Flotation Cell 4 Level Control Valve B | AV24: LCV16103B | AW24: Reverse | BA24: As per above comments. | BB24: 0
E25: FT16111 | F25: FIC16111 | G25: 2000-F16-PID-PR-10003 | H25: F16-CF-417 Scavenger Flotation Cell 4 Low Pressure Air Flow Transmitter | I25: F16CF417 Blower Air Ctrl | J25: Auto | K25: X | L25: X | N25: FT16111 | O25: 50 | P25: 102 | Q25: m3/min | R25: 0 | S25: 120 | T25: m3/min | AI25: 40 | AJ25: 5 | AK25: 103 | AL25: 5 | AP25: 0 | AQ25: 100 | AR25: 0 | AS25: 100 | AT25: % Open (valve) | AU25: F16-CF-417 Scavenger Flotation Cell 4 Low Pressure Air Flow Control Valve | AV25: FCV16111 | AW25: Reverse | BA25: Alarm setpoints based on the design cell superficial gas velocity: Superficial Gas Velocity, Design (Jg) = 1.5 cm/s Air Flow Rate, Design = 71.9 m3/h Superficial Gas Velocity, Max (Jg)= 2 cm/s Air Flow Rate, Max = 95.7 m3/h (Design as per 2000-ME001.4-F13-50002). Flowrate variable on varying temperature and pressure. Design and Max flowrates calculated on: T = 100C P = 100kPa(g) Sources: 2000-ME001.4-F16-50001 & 2000-ME001.4-F13-50002. Alarm setpoints to be confirmed during commissioning. Instrument to be ranged greater than 2000-ME001.4-F16-50002 due to additional blower capacity. | BB25: 0
E26: LIT16113 | F26: LIC16113 | G26: 2000-F16-PID-PR-10003 | H26: F16-CF-417 Scavenger Flotation Cell 4 Level Indicating Transmitter | I26: F16CF417 Level Ctrl | J26: Auto | K26: X | L26: X | N26: LIT16113 | O26: 100 | P26: 400 | Q26: mm | R26: 0 | S26: 6000 | T26: mm | AI26: 50 | AJ26: 5 | AK26: 450 | AL26: 5 | AP26: 0 | AQ26: 100 | AR26: 0 | AS26: 100 | AT26: % Open (valve) | AU26: F16-BX-412 Flotation Discharge Box Level Control Valve A | AV26: LCV16113A | AW26: Reverse | BA26: Vendor specified operating philosophy is to maintain Valve B at a static position and Valve A to control the level, reducing variability in PID loop. For fine control, programme actuators such that Valve A moves its full stroke (range) before adjusting Valve B position. Functional Description: 2000-ME001.4-M02-50001 IO List: 2000-ME001.4-F16-50001. Instrument Range: 0 - 6000 mm. Instrument range to be reversed such that 0mm means no froth depth (20mA) and 500mm is the maximum froth depth (0mA). PID loop control to be confirmed during commissioning. Alarm setpoints to be confirmed during commissioning. | BB26: 0
AP27: 0 | AQ27: 100 | AR27: 30 | AS27: 100 | AT27: % Open (valve) | AU27: F16-BX-412 Flotation Discharge Box Level Control Valve B | AV27: LCV16113B | AW27: Reverse | BA27: As per above comments. | BB27: 0
E28: LT16161 | F28: LIC16161 | G28: 2000-F16-PID-PR-10005 | H28: F16-HP-452 Sample Return Hopper 2 Level Indicating Transmitter | I28: F16HP452 Level Ctrl | J28: Auto | K28: X | L28: X | N28: LT16161 | O28: 25 | P28: 80 | Q28: % | R28: 0 | S28: 100 | T28: % | AG28: 20 | AH28: 5 | AI28: 30 | AJ28: 5 | AK28: 85 | AL28: 5 | AP28: 0 | AQ28: 100 | AR28: 40 | AS28: 100 | AT28: % Speed VSD | AU28: Sample Return Pump 2 VSD | AV28: F16-PP-639 VSD | AW28: Direct | BA28: A_LL = Trip F16-PP-639 Setpoint ranges and alarm setpoints to be confirmed during commissioning. | BB28: 1
E29: LT16151 | F29: LIC16151 | G29: 2000-F16-PID-PR-10005 | H29: F16-HP-451 Sample Return Hopper 1 Level Indicating Transmitter | I29: F16HP451 Level Ctrl | J29: Auto | K29: X | L29: X | N29: LT16151 | O29: 25 | P29: 80 | Q29: % | R29: 0 | S29: 100 | T29: % | X29: 40 | Y29: 5 | AG29: 20 | AH29: 5 | AI29: 30 | AJ29: 5 | AK29: 85 | AL29: 5 | AP29: 0 | AQ29: 100 | AR29: 40 | AS29: 100 | AT29: % Speed VSD | AU29: Sample Return Pump 1 VSD | AV29: F16-PP-638 VSD | AW29: Direct | BA29: A_LL = Trip F16-PP-638 Setpoint ranges and alarm setpoints to be confirmed during commissioning. | BB29: 1
E30: PT16199 | F30: PIC16199 | G30: 2000-F16-PID-PR-10006 | H30: F16-BW-401 Flotation Blower 1 Outlet Pressure Indicating Transmitter | I30: F16BW401 Pressure Ctrl | J30: Auto | K30: X | L30: X | N30: PT16199 | O30: 50 | P30: 115 | Q30: kPa(g) | R30: -100 | S30: 300 | T30: kPa(g) | AK30: 120 | AL30: 5 | AM30: 125 | AN30: 5 | AP30: 0 | AQ30: 100 | AR30: 40 | AS30: 100 | AT30: % Speed VSD | AU30: Flotation Blower 1 VSD | AV30: F16-BW-401 | AW30: Reverse | BA30: Source: Vendor document 2000-ME001.4-M02-50001. Nominal pressure: 8,688m3/h @ 102.5 kPa per blower (4 blowers). Maximum pressure: 8,688m3/h @ 119.7 kPa per blower (3 blowers). Design intent - three duty blowers, one standby. A_Hi = Alarm A_HH = Trip F16-BW-401 Setpoing range to be confirmed during commissioning. Alarm setpoints to be confirmed during commissioning. | BB30: 1
E31: PT16209 | F31: PIC16209 | G31: 2000-F16-PID-PR-10006 | H31: F16-BW-402 Flotation Blower 2 Outlet Pressure Indicating Transmitter | I31: F16BW402 Pressure Ctrl | J31: Auto | K31: X | L31: X | N31: PT16209 | O31: 50 | P31: 115 | Q31: kPa(g) | R31: -100 | S31: 300 | T31: kPa(g) | AK31: 120 | AL31: 5 | AM31: 125 | AN31: 5 | AP31: 0 | AQ31: 100 | AR31: 40 | AS31: 100 | AT31: % Speed VSD | AU31: Flotation Blower 2 VSD | AV31: F16-BW-402 | AW31: Reverse | BA31: Source: Vendor document 2000-ME001.4-M02-50001. Nominal pressure: 8,688m3/h @ 102.5 kPa per blower (4 blowers). Maximum pressure: 8,688m3/h @ 119.7 kPa per blower (3 blowers). Design intent - three duty blowers, one standby. A_Hi = Alarm A_HH = Trip F16-BW-402 Setpoing range to be confirmed during commissioning. Alarm setpoints to be confirmed during commissioning. | BB31: 1
E32: PT16219 | F32: PIC16219 | G32: 2000-F16-PID-PR-10006 | H32: F16-BW-403 Flotation Blower 3 Outlet Pressure Indicating Transmitter | I32: F16BW403 Pressure Ctrl | J32: Auto | K32: X | L32: X | N32: PT16219 | O32: 50 | P32: 115 | Q32: kPa(g) | R32: -100 | S32: 300 | T32: kPa(g) | AK32: 120 | AL32: 5 | AM32: 125 | AN32: 5 | AP32: 0 | AQ32: 100 | AR32: 40 | AS32: 100 | AT32: % Speed VSD | AU32: Flotation Blower 3 VSD | AV32: F16-BW-403 | AW32: Reverse | BA32: Source: Vendor document 2000-ME001.4-M02-50001. Nominal pressure: 8,688m3/h @ 102.5 kPa per blower (4 blowers). Maximum pressure: 8,688m3/h @ 119.7 kPa per blower (3 blowers). Design intent - three duty blowers, one standby. A_Hi = Alarm A_HH = Trip F16-BW-403 Setpoing range to be confirmed during commissioning. Alarm setpoints to be confirmed during commissioning. | BB32: 1
E33: PT16229 | F33: PIC16229 | G33: 2000-F16-PID-PR-10006 | H33: F16-BW-404 Flotation Blower 4 Outlet Pressure Indicating Transmitter | I33: F16BW404 Pressure Ctrl | J33: Auto | K33: X | L33: X | N33: PT16229 | O33: 50 | P33: 115 | Q33: kPa(g) | R33: -100 | S33: 300 | T33: kPa(g) | AK33: 120 | AL33: 5 | AM33: 125 | AN33: 5 | AP33: 0 | AQ33: 100 | AR33: 40 | AS33: 100 | AT33: % Speed VSD | AU33: Flotation Blower 4 VSD | AV33: F16-BW-404 | AW33: Reverse | BA33: Source: Vendor document 2000-ME001.4-M02-50001. Nominal pressure: 8,688m3/h @ 102.5 kPa per blower (4 blowers). Maximum pressure: 8,688m3/h @ 119.7 kPa per blower (3 blowers). Design intent - three duty blowers, one standby. A_Hi = Alarm A_HH = Trip F16-BW-404 Setpoing range to be confirmed during commissioning. Alarm setpoints to be confirmed during commissioning. | BB33: 1
E34: FIT17001 | F34: FIC17001 | G34: 2000-F17-PID-PR-10001 | H34: F17-XM-413 Pre-Leach Thickener Flocculant In-Line Mixer Process Water Flow Indicating Transmitter | I34: F17TH401 Flocc Diln Ctrl | J34: Cascade | K34: X | L34: X | M34: X | N34: FIT17001 | O34: 0 | P34: 400 | Q34: m3/hr | R34: 0 | S34: 400 | T34: m3/hr | AI34: DV - 10% | AJ34: 5 | AK34: DV + 10% | AL34: 5 | AO34: Mask A_Lo when F72PP691 AND 692 are Not Running | AP34: 0 | AQ34: 100 | AR34: 0 | AS34: 100 | AT34: % Open (valve) | AU34: F17-XM-413 Pre-Leach Thickener Flocculant In-Line Mixer Process Water Flow Control Valve | AV34: FCV17001 | AW34: Reverse | BA34: 28.35 Mtpa Case 4: 45.5 m3/h Nominal. In CASCADE: F17CALC0001 provides the SP for FIC17001. Alarm setpoints to be confirmed during commissioning. Deviation Alarm (DV) to be respective to Controller Setpoint. | BB34: 2
E35: FIT17003 | F35: FIC17003A | G35: 2000-F17-PID-PR-10001 | H35: F17-XM-413 Pre-Leach Thickener Flocculant In-Line Mixer Flocculant Flow Indicating Transmitter | I35: F17TH401 Flocc Dosg Ctrl | J35: Cascade | K35: X | L35: X | M35: X | N35: FIT17003 | O35: 0 | P35: 80 | Q35: m3/hr | R35: 0 | S35: 100 | T35: m3/hr | AI35: 10 | AJ35: 5 | AK35: 30 | AL35: 5 | AO35: Mask A_Lo when F72PP691 AND 692 are Not Running | AP35: 0 | AQ35: 100 | AR35: 40 | AS35: 100 | AT35: % Speed VSD | AU35: Duty Flocculant Dosing Pump 1/2 VSD via Hand Switches 17003A and 17003B | AV35: F72-PP-691/692 VSD via HS17003A & HS17003B | AW35: Reverse | BA35: In CASCADE: LIC17012 provides SP for FIC17003A. Alarms based on: 2000-F00-CAL-PR-10001. Alarm setpoints to be confirmed during commissioning. | BB35: C
E36: F17XM572IF35S | F36: LIC17012 | G36: 2000-F17-PID-PR-10001 | H36: F17-TH-401 Flotation Tailings Thickener Bed Level Indicating Transmitter | I36: F17TH401 Bed Intfce Ctrl | J36: Auto | K36: X | L36: X | N36: F17XM572IF35S | O36: 0 | P36: 3.1 | Q36: m | R36: 0 | S36: 3.1 | T36: m | AA36: 7 | AB36: 5 | AG36: 2.81 | AH36: 5 | AI36: 4.48 | AJ36: 5 | AK36: 5.14 | AL36: 5 | AM36: 5.5 | AN36: 5 | AP36: 0 | AQ36: 100 | AR36: 0 | AS36: 50 | AT36: m3/hr | AU36: F17-XM-413 Pre-Leach Thickener Flocculant In-Line Mixer Flocculant Flow Indicating Transmitter | AV36: FIC17003A | AW36: Direct | BA36: SoftTag Manta Ref: Manta_Sub.IF35Raw Details TBC by vendor. If signal is BAD, hold last known value and alarm. Refer to Manta Sub Modbus Tags Register Without Thickener Cube (05-REG-500) Alarm setpoints from: 2000-ME001.5-M02-50001. Alarm setpoints to be confirmed during commissioning. | BB36: 2
E37: PIT17011 | F37: PIC17011 | G37: 2000-F17-PID-PR-10001 | H37: F17-TH-401 Flotation Tailings Thickener Bed Mass Pressure Indicating Transmitter | I37: F17TH401 Bed Ctrl | J37: Auto | K37: X | L37: X | N37: PIT17011 | O37: 0 | P37: 200 | Q37: kPa(g) | R37: 0 | S37: 500 | T37: kPa(g) | AI37: 94.01 | AJ37: 5 | AK37: 95.91 | AL37: 5 | AM37: 97.31 | AN37: 5 | AP37: 0 | AQ37: 6000 | AR37: 0 | AS37: 4000 | AT37: m3/hr | AU37: Flotation Tailings Thickener Underflow Pumps Discharge Flow Indicating Controller | AV37: FIC17121 | AW37: Direct | BA37: Analogue input over comms. Cascade to provide SP for flow controller FIC17121. Range based on 20/18 AH pump curve. | BB37: B
E38: LT17004 | F38: LIC17004 | G38: 2000-F17-PID-PR-10001 | H38: F16-HP-456 Final Tails Sample Hopper Level Indicating Transmitter | I38: F16HP456 Level Ctrl | J38: Auto | K38: X | L38: X | N38: LT17004 | O38: 20 | P38: 100 | Q38: % | R38: 0 | S38: 100 | T38: % | AG38: 20 | AH38: 5 | AI38: 30 | AJ38: 5 | AK38: 80 | AL38: 5 | AP38: 0 | AQ38: 100 | AR38: 40 | AS38: 100 | AT38: % Speed VSD | AU38: F16-PP-634 Final Tails Sample Pump | AV38: F16-PP-634 VSD | AW38: Direct | BA38: Alarm setpoints to be confirmed during commissioning. | BB38: 1
E39: F17CALC0007 | F39: DIC17121 | G39: 2000-F17-PID-PR-10002 | H39: F17-PP-455/456 Discharge Density Indicating Transmitter | I39: F17PP455/6 Density Ctrl | J39: Auto | K39: X | L39: X | N39: F17CALC0007 | O39: 0 | P39: 100 | Q39: %w/w | R39: 0 | S39: 100 | T39: %w/w | AA39: 58 | AB39: 5 | AG39: 40 | AH39: 5 | AI39: 42 | AJ39: 5 | AK39: 60 | AL39: 5 | AM39: 62 | AN39: 5 | AO39: F17-PP-455/456 NOT RUNNING | AP39: 0 | AQ39: 6000 | AR39: 0 | AS39: 4000 | AT39: m3/hr | AU39: FIC17121 Flotation Tailings Thickener Underflow Pump 1/2 Flow Indicator Controller | AV39: FIC17121 | AW39: Direct | BA39: Alarm enabled delay of 10 seconds during pump start-up. Alarm setpoints to be confirmed during commissioning. | BB39: 2
E40: FIT17121 | F40: FIC17121 | G40: 2000-F17-PID-PR-10002 | H40: Flotation Tailings Thickener Underflow Pumps Discharge Flow Indicating Transmitter | I40: F17PP455/6 Flow Ctrl | J40: Cascade | K40: X | L40: X | M40: X | N40: FIT17121 | O40: 0 | P40: 4000 | Q40: m3/hr | R40: 0 | S40: 6000 | T40: m3/hr | AG40: 200 | AH40: 5 | AI40: DL = - 600 | AJ40: 5 | AK40: DL = + 600 | AL40: 5 | AO40: F17-PP-455/456 NOT RUNNING | AP40: 0 | AQ40: 100 | AR40: 40 | AS40: 100 | AT40: % Speed VSD | AU40: F17-PP-455/456 Flotation Tailings Thickener Underflow Pump 1/2 | AV40: Duty F17-PP-455/456 VSD | AW40: Reverse | BA40: Controller normally slave controller for DIC17121 or PIC17011 (as per HS17121). Deviation alarm for +/- 20% Controller SP. Alarm enabled delay of 10 seconds during pump start-up. Alarm setpoints to be confirmed during commissioning. | BB40: 0
E41: FIT17127 | F41: FIC17127 | G41: 2000-F17-PID-PR-10002 | H41: Flotation Tailings Thickener Underflow Pumps CIL2 Feed Valve Flow Indicating Transmitter | I41: F17TH401 UF to CIL2 | J41: Auto | K41: X | L41: X | O41: 0 | P41: 3000 | Q41: m3/hr | R41: 0 | S41: 5000 | T41: m3/hr | AG41: 400 | AH41: 5 | AI41: 700 | AJ41: 5 | AO41: F17-PP-455/456 NOT RUNNING | AP41: 0 | AQ41: 100 | AR41: 0 | AS41: 100 | AT41: % Open (valve) | AU41: Flotation Tailings Thickener Underflow Pumps CIL2 Feed Flow Control Valve | AV41: FCV17127 | AW41: Reverse | BA41: Alarm setpoints to be confirmed during commissioning. Nominal (Case 1): 1924 m3/h for CIL2 & 3 feed. | BB41: B
E42: FIT17128 | F42: FIC17128 | G42: 2000-F17-PID-PR-10002 | H42: Flotation Tailings Thickener Underflow Pumps CIL4 Feed Valve Flow Indicating Transmitter | I42: F17TH401 UF to CIL3 | J42: Auto | K42: X | L42: X | N42: FIT17128 | O42: 0 | P42: 3000 | Q42: m3/hr | R42: 0 | S42: 5000 | T42: m3/hr | AG42: 400 | AH42: 5 | AI42: 700 | AJ42: 5 | AO42: F17-PP-455/456 NOT RUNNING | AP42: 0 | AQ42: 100 | AR42: 0 | AS42: 100 | AT42: % Open (valve) | AU42: Flotation Tailings Thickener Underflow Pumps CIL3 Feed Flow Control Valve | AV42: FCV17128 | AW42: Reverse | BA42: Alarm setpoints to be confirmed during commissioning. Nominal (Case 1): 1924 m3/h for CIL2 & 3 feed. | BB42: B
E43: LT18001 | F43: LIC18001A | G43: 2000-F18-PID-PR-10001 | H43: F18-HP-414 Final Concentrate Hopper Level Indicating Transmitter | I43: F18HP414 Pump Ctrl | J43: Auto | K43: X | L43: X | N43: LT18001 | O43: 30 | P43: 90 | Q43: % | R43: 0 | S43: 100 | T43: % | AP43: 0 | AQ43: 100 | AR43: 40 | AS43: 100 | AT43: % Speed VSD | AU43: F18-PP-407/408 Duty Final Concentrate Pump 1/2 | AV43: Duty F18PP407/408 VSD via HS18027 | AW43: Direct | BA43: Dual hopper control. See 2000-F00-REP-PR-10001 for further information. Operator to ensure Level Controller B setpoint is less than Level Controller A setpoint. | BB43: 1
E44: LT18001 | F44: LIC18001B | G44: 2000-F18-PID-PR-10001 | H44: F18-HP-414 Final Concentrate Hopper Level Indicating Transmitter | I44: F18HP414 Water Ctrl | J44: Auto | K44: X | L44: X | N44: LT18001 | O44: 30 | P44: 90 | Q44: % | R44: 0 | S44: 100 | T44: % | X44: 40 | Y44: 5 | AG44: 20 | AH44: 5 | AI44: 30 | AJ44: 5 | AK44: 80 | AL44: 5 | AM44: 90 | AN44: 5 | AP44: 0 | AQ44: 100 | AR44: 0 | AS44: 100 | AT44: % Open (valve) | AU44: F18-HP-414 Final Concentrate Hopper Process Water Feed Level Control Valve | AV44: LCV18001 | AW44: Reverse | BA44: Dual hopper control. See 2000-F00-REP-PR-10001 for further information. Operator to ensure Level Controller B setpoint is less than Level Controller A setpoint. Alarm setpoints to be confirmed during commissioning. | BB44: 1
E45: LT18011 | F45: LIC18011B | G45: 2000-F18-PID-PR-10001 | H45: F18-HP-501 Cleaner Flotation Cell Feed Hopper Level Indicating Transmitter | I45: F18HP501 Water Ctrl | J45: Auto | K45: X | L45: X | N45: LT18011 | O45: 30 | P45: 90 | Q45: % | R45: 0 | S45: 100 | T45: % | X45: 40 | Y45: 5 | AG45: 20 | AH45: 5 | AI45: 30 | AJ45: 5 | AK45: 80 | AL45: 5 | AM45: 90 | AN45: 5 | AP45: 0 | AQ45: 100 | AR45: 0 | AS45: 100 | AT45: % Open (valve) | AU45: F18-HP-501 Cleaner Flotation Cell Feed Hopper Process Water Feed Level Control Valve | AV45: LCV18011A | AW45: Reverse | BA45: Dual hopper control. See 2000-F00-REP-PR-10001 for further information. Operator to ensure Level Controller B setpoint is less than Level Controller A setpoint. Alarm setpoints to be confirmed during commissioning. | BB45: 1
E46: LT18011 | F46: LIC18011A | G46: 2000-F18-PID-PR-10001 | H46: F18-HP-501 Cleaner Flotation Cell Feed Hopper Level Indicating Transmitter | I46: F18CF501 Recycle Ctrl | J46: Auto | K46: X | L46: X | N46: LT18011 | O46: 30 | P46: 90 | Q46: % | R46: 0 | S46: 100 | T46: % | AP46: 0 | AQ46: 100 | AR46: 0 | AS46: 100 | AT46: % Open (valve) | AU46: F18-BX-501 Cleaner Flotation ERM Recycle Level Control Valve | AV46: LCV18011B | AW46: Reverse | BA46: Dual hopper control. See 2000-F00-REP-PR-10001 for further information. Operator to ensure Level Controller B setpoint is less than Level Controller A setpoint. | BB46: 1
E47: FIT18037 | F47: FIC18037 | G47: 2000-F18-PID-PR-10001 | H47: F18-PP-501/502 Cleaner Flotation Cell Recirculation Pumps Discharge Flow Indicating Transmitter | I47: F18PP501/2 Ctrl | J47: Auto | K47: X | L47: X | N47: FIT18037 | O47: 0 | P47: 2500 | Q47: m3/hr | R47: 0 | S47: 2500 | T47: m3/hr | AG47: 400 | AH47: 5 | AI47: 1950 | AJ47: 5 | AK47: 2050 | AL47: 5 | AO47: DUTY F18PP501/502 NOT RUNNING | AP47: 0 | AQ47: 100 | AR47: 40 | AS47: 100 | AT47: % Speed VSD | AU47: Cleaner Flotation Cell Recirculation Pump 1/2 | AV47: Duty F18PP501/502 VSD via Handswitch HS18037 | AW47: Direct | BA47: Nominal and maximum 1993 m3/hr. Alarm setpoints to be confirmed during commissioning. Alarm enabled delay of 10 seconds on pump start-up. | BB47: C
E48: FIT18057 | F48: FIC18057 | G48: 2000-F18-PID-PR-10002 | H48: F18-CF-501 Cleaner Flotation Cell Wash Water Flow Indicating Transmitter | I48: F18CF501 Conc Water Ctrl | J48: Cascade | K48: X | L48: X | M48: X | N48: FIT18057 | O48: 0 | P48: 500 | Q48: m3/hr | R48: 0 | S48: 500 | T48: m3/hr | AG48: 5 | AH48: 5 | AI48: 106 | AJ48: 5 | AK48: 350 | AL48: 5 | AO48: DUTY F18PP501/502 NOT RUNNING AND FCV18056 CLOSED | AP48: 0 | AQ48: 100 | AR48: 0 | AS48: 100 | AT48: % Open (valve) | AU48: F18-CF-501 Cleaner Flotation Cell Wash Water Flow Flow Control Valve | AV48: FCV18057 | AW48: Reverse | BA48: In CASCADE Mode, the setpoint for FIC18057 is provided by F18CALC0001. Alarms to be confirmed during commissioning. Alarm enabled delay of 10 seconds during F18PP501/502 Start-Up. Source: 2000-ME073-M01-10002. | BB48: 2
E49: FIT18056 | F49: FIC18056 | G49: 2000-F18-PID-PR-10002 | H49: F18-CF-501 Cleaner Flotation Cell Air Flow Indicating Transmitter | I49: F18CF501 Air Ctrl | J49: Auto | K49: X | L49: X | N49: FIT18056 | O49: 800 | P49: 1600 | Q49: Sm3/hr | R49: 0 | S49: 2000 | T49: Sm3/hr | AG49: 200 | AH49: 5 | AI49: Operator Configurable | AJ49: 5 | AK49: Operator Configurable | AL49: 5 | AO49: DUTY F18PP501/502 NOT RUNNING AND FCV18056 CLOSED | AP49: 0 | AQ49: 100 | AR49: 0 | AS49: 100 | AT49: % Open (valve) | AU49: F18-CF-501 Cleaner Flotation Cell Air Flow Control Valve | AV49: FCV18056 | AW49: Reverse | BA49: High and Low alarms configurable by Operator. Alarm setpoints to be confirmed during commissioning. Alarm enabled delay of 10 seconds during F18PP501/502 Start-Up. Source: 2000-ME073-M01-10002. | BB49: C
E50: LNI18051 | F50: LIC18051 | G50: 2000-F18-PID-PR-10002 | H50: F18-CF-501 Cleaner Flotation Cell Tank Slurry Level Indicating Transmitter | I50: F18CF501 Froth | J50: Auto | K50: X | L50: X | N50: LNI18051 | O50: 0 | P50: 680 | Q50: mm | R50: 0 | S50: 1900 | T50: mm | AA50: 1000 | AB50: 5 | AI50: Operator Configurable | AJ50: 5 | AK50: Operator Configurable | AL50: 5 | AM50: 700 | AN50: 5 | AP50: 0 | AQ50: 100 | AR50: 0 | AS50: 100 | AT50: % Open (valve) | AU50: F18-CF-501 Cleaner Flotation Cell Tank Slurry Level Control Valve | AV50: LCV18051 | AW50: Reverse | BA50: Please refer to 2000-ME073-M01-10001 Page 8 and 11. Calculation for dual level transmitter setup. Bottom-range is zero for manual shutdown sequence. High and Low alarms configurable by Operator. Alarm setpoints to be confirmed during commissioning. Source: 2000-ME073-M01-10002. | BB50: 1
E51: LT18201 | F51: LIC18201A | G51: 2000-F18-PID-PR-10003 | H51: F18-HP-511 Cleaner Scavenger Flotation Cell Feed Hopper Level Indicating Transmitter | I51: F18HP511 Water Ctrl | J51: Auto | K51: X | L51: X | N51: LT18201 | O51: 30 | P51: 90 | Q51: % | R51: 0 | S51: 100 | T51: % | X51: 40 | Y51: 5 | AG51: 20 | AH51: 5 | AI51: 30 | AJ51: 5 | AK51: 80 | AL51: 5 | AM51: 90 | AN51: 5 | AP51: 0 | AQ51: 100 | AR51: 0 | AS51: 100 | AT51: % Open (valve) | AU51: F18-HP-511 Cleaner Scavenger Flotation Cell Feed Hopper Level Control Valve | AV51: LCV18201A | AW51: Reverse | BA51: Dual hopper control. See 2000-F00-REP-PR-10001 for further information. Operator to ensure Level Controller A setpoint is less than Level Controller B setpoint. Alarm setpoints to be confirmed during commissioning. | BB51: 1
E52: LT18201 | F52: LIC18201B | G52: 2000-F18-PID-PR-10003 | H52: F18-HP-511 Cleaner Scavenger Flotation Cell Feed Hopper Level Indicating Transmitter | I52: F18CF511 Recycle Ctrl | J52: Auto | K52: X | L52: X | N52: LT18201 | O52: 30 | P52: 90 | Q52: % | R52: 0 | S52: 100 | T52: % | AP52: 0 | AQ52: 100 | AR52: 0 | AS52: 100 | AT52: % Open (valve) | AU52: F18-BX-511 Cleaner Scavenger Flotation ERM Recycle Level Control Valve | AV52: LCV18201B | AW52: Reverse | BA52: Dual hopper control. See 2000-F00-REP-PR-10001 for further information. Operator to ensure Level Controller A setpoint is less than Level Controller B setpoint. | BB52: 1
E53: FIT18227 | F53: FIC18227 | G53: 2000-F18-PID-PR-10003 | H53: F18-PP-511/512 Cleaner Scavenger Flotation Cell Recirculation Pumps Discharge Flow Indicating Transmitter | I53: F18PP511/2 Ctrl | J53: Auto | K53: X | L53: X | N53: FIT18227 | O53: 0 | P53: 2200 | Q53: m3/hr | R53: 0 | S53: 2500 | T53: m3/hr | AG53: 400 | AH53: 5 | AI53: 1990 | AJ53: 5 | AK53: 2050 | AL53: 5 | AP53: 0 | AQ53: 100 | AR53: 40 | AS53: 100 | AT53: % Speed VSD | AU53: Cleaner Flotation Cell Recirculation Pump 1/2 via Handswitch 18227 | AV53: Duty F18PP511/512 VSD via HS18227 | AW53: Reverse | BA53: Maximum 2018 m3/hr. Pumps designed to 2242 m3/hr. Alarm setpoints to be confirmed during commissioning. Alarm enabled delay of 10 seconds during pump start-up. | BB53: C
E54: LT18211 | F54: LIC18211B | G54: 2000-F18-PID-PR-10003 | H54: F18-HP-513 Cleaner Scavenger Flotation Cell Tails Hopper Level Indicating Transmitter | I54: F18HP511 Pump Ctrl | J54: Auto | K54: X | L54: X | N54: LT18211 | O54: 30 | P54: 90 | Q54: % | R54: 0 | S54: 100 | T54: % | AP54: 0 | AQ54: 100 | AR54: 40 | AS54: 100 | AT54: % Speed VSD | AU54: Cleaner Scavenger Flotation Cell Tails Pump 1/2 via Handswitch 18237 | AV54: Duty F18PP513/514 VSD via HS18237 | AW54: Direct | BA54: Dual hopper control. See 2000-F00-REP-PR-10001 for further information. Operator to ensure Level Controller A setpoint is less than Level Controller B setpoint. | BB54: 1
E55: LT18211 | F55: LIC18211A | G55: 2000-F18-PID-PR-10003 | H55: F18-HP-513 Cleaner Scavenger Flotation Cell Tails Hopper Level Indicating Transmitter | I55: F18HP513 Water Ctrl | J55: Auto | K55: X | L55: X | N55: LT18211 | O55: 30 | P55: 90 | Q55: % | R55: 0 | S55: 100 | T55: % | X55: 40 | Y55: 5 | AG55: 20 | AH55: 5 | AI55: 30 | AJ55: 5 | AK55: 80 | AL55: 5 | AM55: 90 | AN55: 5 | AP55: 0 | AQ55: 100 | AR55: 0 | AS55: 100 | AT55: % Open (valve) | AU55: F18-HP-513 Cleaner Scavenger Flotation Cell Tails Hopper Level Control Valve | AV55: LCV18211 | AW55: Reverse | BA55: Dual hopper control. See 2000-F00-REP-PR-10001 for further information. Operator to ensure Level Controller A setpoint is less than Level Controller B setpoint. Alarms to be confirmed during commissioning. | BB55: 1
E56: FIT18257 | F56: FIC18257 | G56: 2000-F18-PID-PR-10004 | H56: F26-CF-511 Cleaner-Scavenger Flotation Cell Wash Water Flow Flow Indicating Transmitter | I56: F18CF511 Conc Water Ctrl | J56: Cascade | K56: X | L56: X | M56: X | N56: FIT18257 | O56: 0 | P56: 200 | Q56: m3/hr | R56: 0 | S56: 200 | T56: m3/hr | AG56: 5 | AH56: 5 | AI56: 19 | AJ56: 5 | AK56: 64 | AL56: 5 | AO56: Mask when FCV18257 is Closed | AP56: 0 | AQ56: 100 | AR56: 0 | AS56: 100 | AT56: % Open (valve) | AU56: F18-CF-511 Cleaner-Scavenger Flotation Cell Wash Water Flow Flow Control Valve | AV56: FCV18257 | AW56: Reverse | BA56: In CASCADE Mode, the setpoint for FIC18257 is provided by F18CALC0006. Alarms to be confirmed during commissioning. Alarm enabled delay of 10 seconds during F18PP513/514 Start-Up. Source: 2000-ME073-M01-10001. | BB56: 2
E57: FIT18256 | F57: FIC18256 | G57: 2000-F18-PID-PR-10004 | H57: F26-CF-511 Cleaner-Scavenger Flotation Cell Air Flow Indicating Transmitter | I57: F18CF511 Air Ctrl | J57: Auto | K57: X | L57: X | N57: FIT18256 | O57: 800 | P57: 1650 | Q57: Sm3/hr | R57: 0 | S57: 2000 | T57: Sm3/hr | AG57: 200 | AH57: 5 | AI57: Operator Configurable | AJ57: 5 | AK57: Operator Configurable | AL57: 5 | AO57: DUTY F18PP511/512 NOT RUNNING AND FCV18256 CLOSED | AP57: 0 | AQ57: 100 | AR57: 0 | AS57: 100 | AT57: % Open (valve) | AU57: F18-CF-511 Cleaner-Scavenger Flotation Cell Air Flow Control Valve | AV57: FCV18256 | AW57: Reverse | BA57: High and Low alarms configurable by Operator. Alarm setpoints to be confirmed during commissioning. Alarm enabled delay of 10 seconds during F18PP513/514 Start-Up. Source: 2000-ME073-M01-10001. | BB57: C
E58: LNI18251 | F58: LIC18251 | G58: 2000-F18-PID-PR-10004 | H58: F18-CF-501 Cleaner Flotation Cell Tank Slurry Level Indicating Transmitter | I58: F18CF511 Froth | J58: Auto | K58: X | L58: X | N58: LNI18251 | O58: 0 | P58: 680 | Q58: mm | R58: 0 | S58: 1900 | T58: mm | AA58: 1000 | AB58: 5 | AI58: 200 | AJ58: 5 | AK58: 600 | AL58: 5 | AM58: 700 | AN58: 5 | AP58: 0 | AQ58: 100 | AR58: 0 | AS58: 100 | AT58: % Open (valve) | AU58: F18-CF-511 Cleaner-Scavenger Flotation Cell Tank Slurry Level Control Valve | AV58: LCV18251 | AW58: Reverse | BA58: Please refer to 2000-ME073-M01-10001 Page 8 and 11. Calculation for dual level transmitter setup. Bottom-range is zero for manual shutdown sequence. High and Low alarms configurable by Operator. Default Values provided. Alarm setpoints to be confirmed during commissioning. Alarm enabled delay of 10 seconds during F18PP513/514 Start-Up. Source: 2000-ME073-M01-10001. | BB58: 1
E59: DO NOT DELETE THIS ROW INSERT NEW ROWS ABOVE
E62: 45 | F62: 45

Sheet 9. Drives
A1: KCGM GROWTH PROJECT
A2: PROCESS CONTROL TABLES - FLOTATION (F16, F17, F18)
A3: 2000-F16-LST-PR-10001
A4: DRIVE INTERLOCKS AND CONTROL
P5: Description (Unhealthy Interlocks and Healthy Permissives) | T5: Interlocks
A6: Tag Name | B6: P&ID | C6: Name | D6: Drive Type | E6: Speed Min | F6: Speed Max | G6: Speed Units | H6: SP Lower Limit | I6: SP Upper Limit | J6: Current Max | K6: Manual | L6: Auto | M6: Start Condition (Auto Mode) | N6: Stop Condition (Auto Mode) | O6: # | Q6: Delay On | R6: Delay Off | S6: Start Permissive | T6: Process | U6: Critical | V6: Hardwired to Drive | W6: Bypass | X6: Reset Required | Y6: Comments | Z6: Rev
A7: F16-AG-421 | B7: 2000-F16-PID-PR-10001 | C7: ROUGHER FLOTATION CELL 1 AGITATOR | D7: VSD | E7: 0 | F7: 100 | G7: % | H7: 80 | I7: 100 | J7: 104 | K7: X | M7: Manually started by CRO | N7: Manually stopped by CRO
O8: 1 | P8: F16-AG-421 Comms Failure | Q8: 0 | U8: X | Z8: C
O9: 2 | P9: F16-AG-421 Fail to Start / Stop | Q9: 0 | U9: X | Z9: 2
O10: 3 | P10: F16-AG-421 Drive Fault | Q10: 0 | U10: X | Z10: 2
O11: 4 | P11: F16-AG-421 E-Stop | Q11: 0 | U11: X | V11: X | Z11: 2
O12: 5 | P12: F16-AG-421 MCC Unhealthy | Q12: 0 | U12: X | Z12: C
O13: 6 | P13: F16-AG-421 Drive Out of Service | Q13: 0 | U13: X | Z13: C
O14: 7 | P14: F16-AG-421 Drive Ready | Q14: 0 | U14: X | Z14: 2
O15: 8 | P15: TI16014 >= A_HH | Q15: 5 | U15: X | Y15: Protection for gear unit. | Z15: B
O16: 9 | P16: PI16015 <= A_LL | Q16: 5 | U16: X | Y16: Protection for gear unit. | Z16: B
O17: 10 | P17: VI16019 >= A_HH | Q17: 5 | T17: X | W17: X | Y17: Gearbox Vibration Alarm High High | Z17: 0
O18: 11 | P18: VI16020 >= A_HH | Q18: 5 | T18: X | W18: X | Y18: Motor Vibration Alarm High High | Z18: 0
A20: F16-AG-422 | B20: 2000-F16-PID-PR-10002 | C20: ROUGHER FLOTATION CELL 2 AGITATOR | D20: VSD | E20: 0 | F20: 100 | G20: % | H20: 80 | I20: 100 | J20: 104 | K20: X | M20: Manually started by CRO | N20: Manually stopped by CRO
O21: 1 | P21: F16-AG-422 Comms Failure | Q21: 0 | U21: X | Z21: C
O22: 2 | P22: F16-AG-422 Fail to Start / Stop | Q22: 0 | U22: X | Z22: 2
O23: 3 | P23: F16-AG-422 Drive Fault | Q23: 0 | U23: X | Z23: 2
O24: 4 | P24: F16-AG-422 E-Stop | Q24: 0 | U24: X | V24: X | Z24: 2
O25: 5 | P25: F16-AG-422 MCC Unhealthy | Q25: 0 | U25: X | Z25: C
O26: 6 | P26: F16-AG-422 Drive Out of Service | Q26: 0 | U26: X | Z26: C
O27: 7 | P27: F16-AG-422 Drive Ready | Q27: 0 | U27: X | Z27: 2
O28: 8 | P28: TI16054 >= A_HH | Q28: 5 | U28: X | Y28: Protection for gear unit. | Z28: B
O29: 9 | P29: PI16055 <= A_LL | Q29: 5 | U29: X | Y29: Protection for gear unit. | Z29: B
O30: 10 | P30: VI16059 >= A_HH | Q30: 5 | T30: X | W30: X | Y30: Gearbox Vibration Alarm High High | Z30: 0
O31: 11 | P31: VI16060 >= A_HH | Q31: 5 | T31: X | W31: X | Y31: Motor Vibration Alarm High High | Z31: 0
A33: F16-AG-423 | B33: 2000-F16-PID-PR-10002 | C33: ROUGHER FLOTATION CELL 3 AGITATOR | D33: VSD | E33: 0 | F33: 100 | G33: % | H33: 80 | I33: 100 | J33: 104 | K33: X | M33: Manually started by CRO | N33: Manually stopped by CRO
O34: 1 | P34: F16-AG-423 Comms Failure | Q34: 0 | U34: X | Z34: C
O35: 2 | P35: F16-AG-423 Fail to Start / Stop | Q35: 0 | U35: X | Z35: 2
O36: 3 | P36: F16-AG-423 Drive Fault | Q36: 0 | U36: X | Z36: 2
O37: 4 | P37: F16-AG-423 E-Stop | Q37: 0 | U37: X | V37: X | Z37: 2
O38: 5 | P38: F16-AG-423 MCC Unhealthy | Q38: 0 | U38: X | Z38: C
O39: 6 | P39: F16-AG-423 Drive Out of Service | Q39: 0 | U39: X | Z39: C
O40: 7 | P40: F16-AG-423 Drive Ready | Q40: 0 | U40: X | Z40: 2
O41: 8 | P41: TI16064 >= A_HH | Q41: 5 | U41: X | Y41: Protection for gear unit. | Z41: B
O42: 9 | P42: PI16065 <= A_LL | Q42: 5 | U42: X | Y42: Protection for gear unit. | Z42: B
O43: 10 | P43: VI16069 >= A_HH | Q43: 5 | T43: X | W43: X | Y43: Gearbox Vibration Alarm High High | Z43: 0
O44: 11 | P44: VI16070 >= A_HH | Q44: 5 | T44: X | W44: X | Y44: Motor Vibration Alarm High High | Z44: 0
A46: F16-FN-497 | B46: 2000-F16-PID-PR-10001 | C46: ROUGHER FLOTATION CELL 1 GEARBOX COOLING FAN | D46: DOL | J46: 1.66 | L46: X | M46: TI16014 > P_HH | N46: TI16014 < P_Hi | Z46: 1
O47: 1 | P47: F16-FN-497 Comms Failure | Q47: 0 | U47: X | Z47: C
O48: 2 | P48: F16-FN-497 Fail to Start / Stop | Q48: 0 | U48: X | Z48: 2
O49: 3 | P49: F16-FN-497 Drive Fault | Q49: 0 | U49: X | Z49: 2
O50: 4 | P50: F16-FN-497 E-Stop | Q50: 0 | U50: X | V50: X | Z50: 2
O51: 5 | P51: F16-HT-562 MCC Unhealthy | Q51: 0 | U51: X | Z51: C
O52: 6 | P52: F16-FN-497 Drive Out of Service | Q52: 0 | U52: X | Z52: C
O53: 7 | P53: F16-FN-497 Drive Ready | Q53: 0 | U53: X | Z53: 2
A55: F16-HT-562X | B55: 2000-F16-PID-PR-10001 | C55: ROUGHER FLOTATION CELL 1 GEARBOX HEATER 1 & 2 | D55: FE | J55: 5.5648219 | L55: X | M55: TI16014 < P_LL | N55: TI16014 > P_Lo | Y55: F16-HT-562 & F16-HT-563 controlled by a common DOL starter. | Z55: 2
O56: 1 | P56: F16-HT-562 Comms Failure | Q56: 0 | U56: X | Z56: C
O57: 2 | P57: F16-HT-562 Fail to Start / Stop | Q57: 0 | U57: X | Z57: 2
O58: 3 | P58: F16-HT-562 Drive Fault | Q58: 0 | U58: X | Z58: 2
O59: 4 | P59: F16-HT-562 E-Stop | Q59: 0 | U59: X | V59: X | Z59: 2
O60: 5 | P60: F16-HT-562 MCC Unhealthy | Q60: 0 | U60: X | Z60: C
O61: 6 | P61: F16-HT-562 Drive Out of Service | Q61: 0 | U61: X | Z61: C
O62: 7 | P62: F16-HT-562 Drive Ready | Q62: 0 | U62: X | Z62: 2
O63: 8 | P63: TI16014 >= A_Hi | Q63: 5 | U63: X | Y63: Protection for gear unit. | Z63: C
A65: F16-FN-498 | B65: 2000-F16-PID-PR-10002 | C65: ROUGHER FLOTATION CELL 2 GEARBOX COOLING FAN | D65: DOL | J65: 1.66 | L65: X | M65: TI16054 > P_HH | N65: TI16054 < P_Hi | Z65: 1
O66: 1 | P66: F16-FN-498 Comms Failure | Q66: 0 | U66: X | Z66: C
O67: 2 | P67: F16-FN-498 Fail to Start / Stop | Q67: 0 | U67: X | Z67: 2
O68: 3 | P68: F16-FN-498 Drive Fault | Q68: 0 | U68: X | Z68: 2
O69: 4 | P69: F16-FN-498 E-Stop | Q69: 0 | U69: X | V69: X | Z69: 2
O70: 5 | P70: F16-FN-498 MCC Unhealthy | Q70: 0 | U70: X | Z70: C
O71: 6 | P71: F16-FN-498 Drive Out of Service | Q71: 0 | U71: X | Z71: C
O72: 7 | P72: F16-FN-498 Drive Ready | Q72: 0 | U72: X | Z72: 2
A74: F16-HT-564X | B74: 2000-F16-PID-PR-10002 | C74: ROUGHER FLOTATION CELL 2 GEARBOX HEATER 1 & 2 | D74: FE | J74: 5.5648219 | K74: X | L74: X | M74: TI16054 < P_LL | N74: TI16054 > P_Lo | Y74: F16-HT-564 & F16-HT-565 controlled by a common DOL starter. | Z74: 2
O75: 1 | P75: F16-HT-564 Comms Failure | Q75: 0 | U75: X | Z75: C
O76: 2 | P76: F16-HT-564 Fail to Start / Stop | Q76: 0 | U76: X | Z76: 2
O77: 3 | P77: F16-HT-564 Drive Fault | Q77: 0 | U77: X | Z77: 2
O78: 4 | P78: F16-HT-564 E-Stop | Q78: 0 | U78: X | V78: X | Z78: 2
O79: 5 | P79: F16-HT-564 MCC Unhealthy | Q79: 0 | U79: X | Z79: C
O80: 6 | P80: F16-HT-564 Drive Out of Service | Q80: 0 | U80: X | Z80: C
O81: 7 | P81: F16-HT-564 Drive Ready | Q81: 0 | U81: X | Z81: 2
O82: 8 | P82: TI16054 >= A_Hi | Q82: 5 | U82: X | Y82: Protection for gear unit. | Z82: C
A84: F16-FN-499 | B84: 2000-F16-PID-PR-10002 | C84: ROUGHER FLOTATION CELL 3 GEARBOX COOLING FAN | D84: DOL | J84: 1.66 | L84: X | M84: TI16064 > P_HH | N84: TI16064 < P_Hi | Z84: 1
O85: 1 | P85: F16-FN-499 Comms Failure | Q85: 0 | U85: X | Z85: C
O86: 2 | P86: F16-FN-499 Fail to Start / Stop | Q86: 0 | U86: X | Z86: 2
O87: 3 | P87: F16-FN-499 Drive Fault | Q87: 0 | U87: X | Z87: 2
O88: 4 | P88: F16-FN-499 E-Stop | Q88: 0 | U88: X | V88: X | Z88: 2
O89: 5 | P89: F16-FN-499 MCC Unhealthy | Q89: 0 | U89: X | Z89: C
O90: 6 | P90: F16-FN-499 Drive Out of Service | Q90: 0 | U90: X | Z90: C
O91: 7 | P91: F16-FN-499 Drive Ready | Q91: 0 | U91: X | Z91: 2
A93: F16-HT-566X | B93: 2000-F16-PID-PR-10002 | C93: ROUGHER FLOTATION CELL 3 GEARBOX HEATER 1 & 2 | D93: FE | J93: 5.5648219 | L93: X | M93: TI16064 < P_LL | N93: TI16064 > P_Lo | Y93: F16-HT-566 & F16-HT-567 controlled by a common DOL starter. | Z93: 2
O94: 1 | P94: F16-HT-566 Comms Failure | Q94: 0 | U94: X | Z94: 1
O95: 2 | P95: F16-HT-566 Fail to Start / Stop | Q95: 0 | U95: X | Z95: 2
O96: 3 | P96: F16-HT-566 Drive Fault | Q96: 0 | U96: X | Z96: 2
O97: 4 | P97: F16-HT-566 E-Stop | Q97: 0 | U97: X | V97: X | Z97: 2
O98: 5 | P98: F16-HT-566 MCC Unhealthy | Q98: 0 | U98: X | Z98: 1
O99: 6 | P99: F16-HT-566 Drive Out of Service | Q99: 0 | U99: X | Z99: 1
O100: 7 | P100: F16-HT-566 Drive Ready | Q100: 0 | U100: X | Z100: 2
O101: 8 | P101: TI16064 >= A_Hi | Q101: 5 | U101: X | Y101: Protection for gear unit. | Z101: 1
A103: F16-AG-424 | B103: 2000-F16-PID-PR-10003 | C103: SCAVENGER FLOTATION CELL 1 AGITATOR | D103: VSD | E103: 0 | F103: 100 | G103: % | H103: 80 | I103: 100 | J103: 104 | K103: X | M103: Manually started by CRO | N103: Manually stopped by CRO
O104: 1 | P104: F16-AG-424 Comms Failure | Q104: 0 | U104: X | Z104: C
O105: 2 | P105: F16-AG-424 Fail to Start / Stop | Q105: 0 | U105: X | Z105: 2
O106: 3 | P106: F16-AG-424 Drive Fault | Q106: 0 | U106: X | Z106: 2
O107: 4 | P107: F16-AG-424 E-Stop | Q107: 0 | U107: X | V107: X | Z107: 2
O108: 5 | P108: F16-AG-424 MCC Unhealthy | Q108: 0 | U108: X | Z108: C
O109: 6 | P109: F16-AG-424 Drive Out of Service | Q109: 0 | U109: X | Z109: C
...

Sheet 10. Sequence
A1: KCGM GROWTH PROJECT
A2: PROCESS CONTROL TABLES - FLOTATION (F16, F17, F18)
A3: 2000-F16-LST-PR-10001
A4: SEQUENCES
A5: Seq No. | B5: Seq Description | C5: Step | D5: Action | E5: Tag / Item | F5: Description | G5: Next Step Delay (s) | H5: Step Advance Condition | I5: Comments | J5: Rev | K5: Equipment Permissives | L5: Recovery Seq. No if Step Faults
F8: PLEASE REFER TO SEQUENCE FLOWCHART DOCUMENT (2000-F16-LST-PR-10002)

Sheet 11. Calculation
A1: KCGM GROWTH PROJECT
A2: PROCESS CONTROL TABLES - FLOTATION (F16, F17, F18)
A3: 2000-F16-LST-PR-10001
A4: CALCULATIONS
D5: Unit | E5: Inputs | I5: Operator Input | J5: Calc. Value | K5: Manual Input
A6: Tag Name | B6: P&ID | C6: Description (Software Tag Only) | E6: # | F6: Tag | G6: Unit | H6: Description | K6: Nom | L6: Min | M6: Max | N6: Calculation | O6: Comments | P6: Rev
A7: F17CALC0001 | B7: 2000-F17-PID-PR-10001 | C7: F17TH401 Flocc Dilution Ratio | D7: m3/h | E7: 1 | F7: F17XM413_R1 | G7: - | H7: Flocculant Dilution Ratio - User Input | I7: X | K7: 3 | L7: 0 | M7: 12 | N7: FIC17001_SP_CALC = F17XM413_R1 * FIC17003A_SP | O7: Operator input. | P7: 2
E8: 2 | F8: FIC17003A_SP | G8: m3/hr | H8: Flocculant Flowrate Setpoint | O8: Setpoint may be from LIC17012 in Cascade Mode. | P8: B
E9: 3 | F9: FIC17001_SP_CALC | G9: m3/hr | H9: Mill Water Flowrate Setpoint | J9: X | P9: B
A10: F17CALC0002 | B10: 2000-F17-PID-PR-10002 | C10: F17TH401 UF Dry Solids | D10: t/h | E10: 1 | F10: DNI17121 | G10: %w/w solids | H10: Flotation Tailings Thickener Underflow Density | N10: WI17121 = FI17121_PV / ((1 / F17TH401_P1) + ( 1 / (DNI17121 / 100) - F17TH401_P2)) | O10: See F17CALC0007 | P10: 2
E11: 2 | F11: FI17121_PV | G11: m3/h | H11: Flotation Tailings Thickener Underflow Flow Rate | P11: B
E12: 3 | F12: F17TH401_P1 | G12: t/m3 | H12: Dry Solids SG (Engineer Input) | I12: X | K12: 2.87 | L12: 2 | M12: 3 | O12: Engineer input to be input to other calculations around the Flotation Tailings Thickener Underflow, where F17TH401_P1 is specified. | P12: B
E13: 4 | F13: F17TH401_P2 | G13: t/m3 | H13: Liquid SG (Engineer Input) | I13: X | K13: 1.07 | L13: 0.9 | M13: 1.2 | O13: Engineer input to be input to other calculations around the Flotation Tailings Thickener Underflow, where F17TH401_P2 is specified. | P13: B
E14: 5 | F14: WI17121 | G14: t/h | H14: Flotation Tailings Thickener Underflow Dry Solids Mass Flow | J14: X | P14: B
A15: F17CALC0003 | B15: 2000-F17-PID-PR-10002 | C15: F17TH401 UF - CIL2 Dry Solids | D15: t/h | E15: 1 | F15: DNI17121 | G15: %w/w solids | H15: Flotation Tailings Thickener Underflow Density | N15: WI17127 = FI17127_PV / ((1 / F17TH401_P1) + ( 1 / (DNI17121 / 100) - F17TH401_P2)) | O15: Use same User Input variables from F17CALC0002 above for consistency in mass balance. | P15: 2
E16: 2 | F16: FI17127_PV | G16: m3/h | H16: Flotation Tailings Thickener Underflow CIL2 Feed Flow rate | P16: B
E17: 3 | F17: WI17127 | G17: t/h | H17: Flotation Tailings Thickener Underflow CIL2 Dry Solids Mass Flow | J17: X | P17: B
A18: F17CALC0004 | B18: 2000-F17-PID-PR-10002 | C18: F17TH401 UF - CIL3 Dry Solids | D18: t/h | E18: 1 | F18: DNI17121 | G18: %w/w solids | H18: Flotation Tailings Thickener Underflow Density | N18: WI17128 = FI17128_PV / ((1 / F17TH401_P1) + ( 1 / (DNI17121 / 100) - F17TH401_P2)) | O18: Use same User Input variables from F17CALC0002 above for consistency in mass balance. | P18: 2
E19: 2 | F19: FI17128_PV | G19: m3/h | H19: Flotation Tailings Thickener Underflow CIL3 Feed Flow Rate | P19: B
E20: 3 | F20: WI17128 | G20: t/h | H20: Flotation Tailings Thickener Underflow CIL3 Dry Solids Mass Flow | J20: X | P20: B
A21: F17CALC0005 | B21: 2000-F17-PID-PR-10002 | C21: F17TH401 UF - Final Tails | D21: m3/h | E21: 1 | F21: FI17130_PV | G21: m3/h | H21: Final Tails Slurry Feed Flow Rate | J21: X | N21: FI17130_PV = FI17121_PV - (FI17127_PV + FI17128_PV) | P21: 2
E22: 2 | F22: FI17121_PV | G22: m3/h | H22: Flotation Tailings Thickener Underflow Flow Rate | P22: B
E23: 3 | F23: FI17127_PV | G23: m3/h | H23: Flotation Tailings Thickener Underflow CIL2 Feed Flow Rate | P23: B
E24: 4 | F24: FI17128_PV | G24: m3/h | H24: Flotation Tailings Thickener Underflow CIL3 Feed Flow Rate | P24: B
A25: F17CALC0006 | B25: 2000-F17-PID-PR-10002 | C25: F17TH401 UF Dry Solids | D25: t/h | E25: 1 | F25: DNI17121 | G25: %w/w solids | H25: Flotation Tailings Thickener Underflow Density | N25: WI17130 = FI17130_PV / ((1 / F17TH401_P1) + ( 1 / (DNI17121 / 100) - F17TH401_P2)) | O25: Use same User Input variables from F17CALC0002 above for consistency in mass balance. | P25: 2
E26: 2 | F26: FI17130_PV | G26: m3/h | H26: Final Tails Feed Flow rate | P26: B
E27: 3 | F27: WI17130 | G27: t/h | H27: Final Tails Dry Solids Mass Flow | J27: X | P27: B
A28: F17CALC0007 | B28: 2000-F17-PID-PR-10002 | C28: F17TH401 UF Solids | D28: %w/w solids | E28: 1 | F28: DIT17121 | G28: t/m3 | H28: Flotation Tailings Thickener Underflow Feed Slurry SG | N28: DNI17121 = [(F17TH401_P1 * F17TH401_P2) - (DIT17121 * F17TH401_P1)] / [(DIT17121 * (F17TH401_P2 - F17TH401_P1)]*100 | O28: F17TH401_P1 to be a single input specified within F17 Area for input into other calculations within this sheet. Please see F17CALC0002 for specification. | P28: 2
E29: 2 | F29: DNI17121 | G29: %w/w solids | H29: Flotation Tailings Thickener Underflow %w/w solids | J29: X | O29: F17TH401_P2 to be a single input specified within F17 Area for input into other calculations within this sheet. Please see F17CALC0002 for specification. | P29: 2
A30: F18CALC0001 | B30: 2000-F18-PID-PR-10002 | C30: F18CF501 Wash Water Ctrl | D30: m3/h | E30: 1 | F30: FIC18057_SP1 | G30: m3/h | H30: F18CF501 Wash Water Ctrl | J30: X | N30: FIC18057_SP1 = F18CF501_Ratio * FI18027_PV | O30: In CASCADE Mode, the setpoint for FIC18057 is provided by this calculation. | P30: 2
E31: 2 | F31: FI18027_PV | G31: m3/h | H31: Final Concentrate Slurry Flow | P31: B
E32: 3 | F32: F18CF501_Ratio | G32: - | H32: Ratio Setpoint | I32: X | K32: 1 | L32: 0 | M32: 2 | P32: C
A33: F18CALC0002 | B33: 2000-F18-PID-PR-10001 | C33: F18PP407/408 Solids | D33: %w/w solids | E33: 1 | F33: DIT18027 | G33: t/m3 | H33: Final Concentrate Feed Slurry SG | N33: DNI18027 = [(F18PP407_Parameter_1 * F18PP407_Parameter_2) - (DIT18027 * F18PP407_Parameter_1)] / [(DIT18027 * (F18PP407_Parameter_2 - F18PP407_Parameter_1)]*100 | P33: 2
E34: 2 | F34: F18PP407_Parameter 1 | G34: t/m3 | H34: Dry Solids SG for that stream (Engineer Input) | I34: X | K34: 3.99 | L34: 2 | M34: 4.5 | O34: Nominal SG 2.89 | P34: C
E35: 3 | F35: F18PP407_Parameter 2 | G35: t/m3 | H35: Liquid SG (Engineer Input) | I35: X | K35: 1.07 | L35: 0.9 | M35: 1.2 | P35: C
E36: 4 | F36: DNI18027 | G36: %w/w solids | H36: Final Concentrate %w/w solids | J36: X | P36: 1
A37: F18CALC0003 | B37: 2000-F18-PID-PR-10003 | C37: F18PP513/514 Solids | D37: %w/w solids | E37: 1 | F37: DIT18237 | G37: t/m3 | H37: Cleaner Scavenger Tails Feed Slurry SG | N37: DNI18237 = [(F18PP513_Parameter_1 * F18PP513_Parameter_2) - (DIT18237 * F18PP513_Parameter_1)] / [(DIT18237 * (F18PP513_Parameter_2 - F18PP513_Parameter_1)]*100 | P37: 2
E38: 2 | F38: F18PP513_Parameter 1 | G38: t/m3 | H38: Dry Solids SG for that stream (Engineer Input) | I38: X | K38: 2.87 | L38: 2 | M38: 4 | P38: B
E39: 3 | F39: F18PP513_Parameter 2 | G39: t/m3 | H39: Liquid SG (Engineer Input) | I39: X | K39: 1.07 | L39: 0.9 | M39: 1.2 | P39: C
E40: 4 | F40: DNI18237 | G40: %w/w solids | H40: Cleaner Scavenger Tails %w/w solids | J40: X | P40: B
A41: F18CALC0004 | B41: 2000-F18-PID-PR-10003 | C41: F18PP513/514 Dry Solids tph | D41: t/h | E41: 1 | F41: DNI18237 | G41: %w/w solids | H41: Cleaner Scavenger Tails Density | N41: WI18237= FI18237_PV / ((1 / F18PP513_Parameter 1) + ( 1 / (DNI18237 / 100) - F18PP513_Parameter 2)) | P41: 2
E42: 2 | F42: FI18237_PV | G42: m3/h | H42: Cleaner Scavenger Tails Feed Flow rate | P42: B
E43: 3 | F43: F18PP513_Parameter 1 | G43: t/m3 | H43: Dry Solids SG for that stream (Engineer Input) | I43: X | K43: 2.89 | L43: 2 | M43: 3 | O43: Nominal SG 2.89 | P43: B
E44: 4 | F44: F18PP513_Parameter 2 | G44: t/m3 | H44: Liquid SG (Engineer Input) | I44: X | K44: 1.07 | L44: 0.9 | M44: 1.2 | P44: C
E45: 5 | F45: WI18237 | G45: t/h | H45: Cleaner Scavenger Tails Dry Solids Mass Flow | J45: X | P45: B
A46: F18CALC0005 | B46: 2000-F18-PID-PR-10001 | C46: F18PP407/408 Dry Solids tph | D46: t/h | E46: 1 | F46: DNI18027 | G46: %w/w solids | H46: Final Concentrate Density | N46: WI18027= FI18027_PV / ((1 / F18PP407_Parameter 1) + ( 1 / (DNI18027 / 100) - F18PP407_Parameter 2)) | P46: 2
E47: 2 | F47: FI18027_PV | G47: m3/h | H47: Final Concentrate Feed Flow rate | P47: B
E48: 3 | F48: F18PP407_Parameter 1 | G48: t/m3 | H48: Dry Solids SG for that stream (Engineer Input) | I48: X | K48: 3.99 | L48: 2 | M48: 4.5 | O48: Nominal SG 3.99 | P48: B
E49: 4 | F49: F18PP407_Parameter 2 | G49: t/m3 | H49: Liquid SG (Engineer Input) | I49: X | K49: 1.07 | L49: 0.9 | M49: 1.2 | P49: C
E50: 5 | F50: WI18027 | G50: t/h | H50: Final Concentrate Dry Solids Mass Flow | J50: X | P50: B
A51: F18CALC0006 | B51: 2000-F18-PID-PR-10004 | C51: F18CF511 Wash Water Ctrl | D51: m3/h | E51: 1 | F51: FIC18257_SP1 | G51: m3/h | H51: F18CF501 Wash Water Ctrl | J51: X | N51: FIC18257_SP1 = F18CF511_Ratio * (FIC18227_PV - FI18237_PV) | O51: In CASCADE Mode, the setpoint for FIC18257 is provided by this calculation. | P51: 2
E52: 2 | F52: FIC18227_PV | G52: m3/h | H52: Cleaner-Scavenger Feed Slurry Flow | P52: C
E53: 2 | F53: FI18237_PV | G53: m3/h | H53: Cleaner-Scavenger Tails Slurry Flow | P53: B
E54: 3 | F54: F18CF511_Ratio | G54: - | H54: Ratio Setpoint | I54: X | K54: 1 | L54: 0 | M54: 2 | P54: C
A55: F18CALC0007 | B55: 2000-F18-PID-PR-10002 | C55: F18CF501 Level | D55: mm | N55: RV = LIT18051A_PV RV1 = LIT18051B_PV P01 = Compensated Density P01 = (RV - RV1) / 700 if (P01 =< 0.5) then P02 = 0.5 else P02 = P01 end if P03 = RV / P02 if (P03 => 1900) then P04 = 1900 else P04 = P03 end if LNI18051 = 1900 - P04 | O55: Refer to 2000-ME073-M01-10002 for description on calculation. | P55: 2
E56: 1 | F56: LIT18051A_PV | G56: mm | H56: Cleaner Froth Depth Transmitter A | P56: B
E57: 2 | F57: LIT18051B_PV | G57: mm | H57: Cleaner Froth Depth Transmitter B | P57: B
E58: 3 | F58: LNI18051 | G58: mm | H58: Froth/Level depth. | J58: X | P58: 1
A59: F18CALC0008 | B59: 2000-F18-PID-PR-10004 | C59: F18CF511 Level | D59: mm | N59: RV = LIT18251A_PV RV1 = LIT18251B_PV P01 = Compensated Density P01 = (RV - RV1) / 700 if (P01 =< 0.5) then P02 = 0.5 else P02 = P01 end if P03 = RV / PO2 if (P03 => 1900) then P04 = 1900 else P04 = P03 end if LNI18251 = 1900 - P04 | O59: Refer to 2000-ME073-M01-10001 for description on calculation. | P59: 2
E60: 1 | F60: LIT18251A_PV | G60: mm | H60: Cleaner Froth Depth Transmitter A | P60: B
E61: 2 | F61: LIT18251B_PV | G61: mm | H61: Cleaner Froth Depth Transmitter B | P61: B
E62: 3 | F62: LNI18251 | G62: mm | H62: Froth/Level depth. | J62: X | P62: 1
A65: 15 | B65: 15

Sheet 12. Misc
A1: {=ProjectTitle} -> KCGM GROWTH PROJECT
A2: ='Cover Page'!DocumentTitle -> PROCESS CONTROL TABLES - FLOTATION (F16, F17, F18)
A3: ='Cover Page'!A29 -> 2000-F16-LST-PR-10001
A4: MISC. INSTRUMENTS AND CONTROLLERS
A6: Tag Name | B6: P&ID | C6: Description | D6: Normal State | E6: Alarm State | F6: Hardwired (y/n) | G6: Alarm Delay (secs) | H6: Alarm Masking Conditions | I6: Comments | J6: Rev
A7: HS17011 | B7: 2000-F17-PID-PR-10002 | C7: F17TH401 Control Method Switch | D7: PIC17011 | E7: DIC17121 | F7: N | I7: DCS Faceplate to select between Density Control or Thickener Bed Pressure Control to manipulate Flotation Tailings Thickener Underflow Pump 1/2 (F17-PP-455/456) VSD via slave controller FIC17121. | J7: 0
A8: HS17121 | B8: 2000-F17-PID-PR-10002 | C8: F17PP455/6 Duty Selection | D8: CRO Selection | F8: N | I8: DCS Graphic Faceplate to select between duty Flotation Tailings Thickener Underflow Pump 1 or 2. | J8: 0
A9: F17TH401_T1 | B9: 2000-F17-PID-PR-10001 | C9: F17TH401 Reverse Jog Active Timer | D9: INACTIVE | E9: ACTIVE | F9: N | I9: Timer duration: 0 - 10 seconds. Default value: 3 seconds. Adjustable by Engineer login only. Timer starts if: SV17034 = ENERGISED AND F17PO408 = RUNNING . On timer elapse: Timer to CLOSE SV17034 AND issue DCS Prompt: "Reverse Jog Exceeds Allowable Time." AND Start F17TH401_T2. Timer to stop if: SV17034 De-Energised Timer applicable in ALL modes of operation of F17PO408: Auto, Manual and Local. | J9: 0
A10: F17TH401_T2 | B10: 2000-F17-PID-PR-10001 | C10: F17TH401 Reverse Jog Lockout Timer | D10: INACTIVE | E10: ACTIVE | F10: N | I10: Timer duration: 60 seconds. Operator Configurable Range: 30 - 180 seconds. If F17TH401_T1 is STARTED AND (STOPPED OR ELAPSES), then: Start F17TH401_T2. If F17TH401_T2 = Active / Running then: Prevent SV17034 being energised until timer expired AND Issue DCS Prompt if Reverse Jog attempted to be activated: "Reverse Jog Cooldown Timer still active for << XX >> seconds." Timer applicable in ALL modes of operation of F17PO408: Auto, Manual and Local. Display timer in DCS graphic. | J10: C
A11: F17TH401_C1 | B11: 2000-F17-PID-PR-10001 | C11: F17TH401 Reverse Jog Action Counter | D11: INACTIVE | E11: ACTIVE | F11: N | I11: Increase counter by one when F17TH401_T1 = STARTED F17TH401_C1 to prevent further reverse jog activations if counter equals three (3) (Prevent Reverse Jog from being active (SV17034 from being Active)). No more than 3x attempts of reverse jog per 30 minute periods. Counter to reset after 30 minutes from elapse of F17TH401_T1. Display counter on DCS graphic. | J11: 0
A12: F17TH401_T3 | B12: 2000-F17-PID-PR-10001 | C12: F17TH401 Rake Protection Timer | D12: INACTIVE | E12: ACTIVE | F12: N | I12: Timer duration: 20 seconds. Engineer Configurable Range: 5 - 30 seconds. Timer to start when: 1. F17PO408 Running AND SV17033 De-Energised (from Energised state). Timer will lock out and prevent SV17034 being Energised until Timer elapsed. 2. F17PO408 Running AND SV17034 De-Energised (from Energised State). Timer will lock out and prevent SV17033 being Energised until Timer elapsed. Timer intended to prevent damage to rakes when switching from forward to reverse jogging operation (or vice-versa). Timer duration must be confirmed during commissioning and set by Engineer-level login within DCS. | J12: C
A13: F17TH401_LCL | B13: 2000-F17-PID-PR-10001 | C13: F17TH401 Local Mode | D13: INACTIVE | E13: ACTIVE | F13: N | I13: Placeholder to specify LOCAL mode for the Flotation Tailings Thickener. Place "LOCAL" button in DCS to switch the following equipment to Local mode: - F17PO408, SV17033, SV17034 (F17HU406) - F17PO409, SV17047, SV17048 (F17HU414) The following equipment will remain in its current state (MANUAL / AUTO): - F17FN492 Local mode applies to list above to activate appropriate Thickener Control Panel buttons. Please see Digital Inputs, OnOff Valves and Drives for further information. | J13: C
A14: F17TH401_REV | B14: 2000-F17-PID-PR-10001 | C14: F17TH401 Reverse Enable | D14: INACTIVE | E14: ACTIVE | F14: N | I14: Reverse Enable Active. DCS user-interface button "Enable Reverse Jog Mode in LOCAL" to be placed alongside F17TH401. When activated/clicked by operator, de-energise SV17033 if activated. Start F17PO408 if not running. XC17062 will be activated when "Reverse Enable" is activated by Control Room Operator. See Digital Outputs sheet. | J14: C
A15: F17TH401_STRT | B15: 2000-F17-PID-PR-10001 | C15: F17TH401 Start Forward Mode | D15: INACTIVE | E15: ACTIVE | F15: N | I15: DCS User-Interface button "Start Thickener In Forward Mode" to reside next to F17TH401 object in DCS. When activated will energise SV17033 and start F17PO408. See 9. Drives for further information. Grey-out button if interlocks are active. | J15: C
A16: F17TH401_STOP | B16: 2000-F17-PID-PR-10001 | C16: F17TH401 Stop Forward Mode | D16: INACTIVE | E16: ACTIVE | F16: N | I16: DCS user-interface button "Stop Thickener in Forward Mode" when activated will de-energise SV17033 and stop F17PO408. Issue Prompt when clicked, "Confirm shutdown of thickener?". | J16: C
A17: F17TH401_RLWR | B17: 2000-F17-PID-PR-10001 | C17: F17TH401 Rake Lower Timer | D17: INACTIVE | E17: ACTIVE | F17: N | I17: Timer Duration: 30 seconds. Engineer Configurable Range: 0 - 180 seconds. Timer to start when: F17PO409 Running AND SV17047 Energised. F17TH401 must be in AUTO MODE. In LOCAL MODE (F17TH401_LCL), the rake may be lowered via local control panel until lower rake position switch is activated (ZSL17015) as detailed in 9. Drives for F17PO409. Timer does not apply in LOCAL MODE. Reset timer upon elapse. Timer duration source: 2000-ME001.5-M02-50001. Timer must be confirmed during commissioning. | J17: C
A18: F17TH401_REVC | B18: 2000-F17-PID-PR-10001 | C18: F17TH401 Rake Rotation Counter | D18: INACTIVE | E18: ACTIVE | F18: N | I18: Counter to count down from 1 revolution of F17TH401 rake. Adjustable Count Down Timer. Default Timer: 925 seconds (1 rake revolution) OR SSL17016 = 120 pulses per revolution (whichever comes first). Engineer Configurable Range: (Timer) 700 - 1200 (Pulses) 80 - 200 pulses Counter to begin counting down from configured value (equivalent to 1 rake revolution) when: - AUTO MODE Active AND F17TH401_RLWR Elapsed Counter resets when: - SV17047 in AUTO MODE AND Energised AND F17TH401_RLWR Elapsed Confirm timer during commissioning. 1 rake revolution will be equal to 120 pulses of SSL17016. | J18: 0
A19: F17TH401_UFPR | B19: 2000-F17-PID-PR-10001 | C19: F17PP455/6 Suction Prime Timer | D19: INACTIVE | E19: ACTIVE | F19: N | I19: Timer Duration: 20 seconds (Default) Operator Configurable Range: 0 - 600 seconds. Timer to start during F17-SEQ-0001. Please refer to Sequences for further details. Configurable range to be confirmed during commissioning. | J19: 2
A20: F17TH401_UFFL | B20: 2000-F17-PID-PR-10001 | C20: F17PP455/6 Suction Flush Timer | D20: INACTIVE | E20: ACTIVE | F20: N | I20: Timer Duration: 120 seconds (Default) Operator Configurable Range: 0 - 600 seconds. Timer to start during F17-SEQ-0001. Please refer to Sequences for further details. Configurable range to be confirmed during commissioning. | J20: 2
A21: F17PO408_RT1 | B21: 2000-ME001.5-E02-50002 | C21: F17PO408 Shutdown Timer | D21: INACTIVE | E21: ACTIVE | F21: N | I21: Timer Duration: 1200 seconds. Engineer Configurable Range: 0 - 2400 seconds. Timer to count-down from nominated duration. Timer to count-down when: - SV17033 De-Energised AND SV17034 De-Energised AND F17PO408 Running Timer will reset and stop if: - SV17033 OR SV17034 are energised during count-down. - SV17033 De-Energised AND SV17034 De-Energised AND F17PO408 Not Running | J21: C
A22: F17PO409_RT1 | B22: 2000-ME001.5-E02-50003 | C22: F17PO409 Shutdown Timer | D22: INACTIVE | E22: ACTIVE | F22: N | I22: Timer Duration: 300 seconds. Engineer Configurable Range: 0 - 600 seconds. Timer to count-down from nominated duration. Timer to start count-down when: - SV17047 De-Energised AND SV17048 De-Energised AND F17PO409 Running Timer will reset and stop if: - SV17048 OR SV17047 are energised during count-down. - SV17047 De-Energised AND SV17048 De-Energised AND F17PO409 Not Running | J22: C
A23: FIC17121_STT | B23: 2000-F17-PID-PR-10001 | C23: F17PP455/6 Startup | D23: INACTIVE | E23: ACTIVE | F23: N | I23: Operator-adjustable start-up setpoint variable for Flotation Tailings Thickener Underflow Pumps. FIC17121_STT [=] m3/h (Engineering Units). Configurable Range: 2000 - 3000 m3/h. Setpoint used in F17-SEQ-0001 START. Range to be confirmed during commissioning. | J23: 2
A24: FIC17121_STP | B24: 2000-F17-PID-PR-10001 | C24: F17PP455/6 Shutdown | D24: INACTIVE | E24: ACTIVE | F24: N | I24: Operator-adjustable shut-up setpoint variable for Flotation Tailings Thickener Underflow Pumps. FIC17121_STP [=] m3/h (Engineering Units). Configurable Range: 2000 - 3000 m3/h. Setpoint used in F17-SEQ-0002 STOP. Range to be confirmed during commissioning. | J24: 2
A25: F18PP4078STT | B25: 2000-F18-PID-PR-10001 | C25: F18PP407/8 Startup Setpoint | D25: INACTIVE | E25: ACTIVE | F25: N | I25: Operator-adjustable start-up setpoint variable for Final Concentrate Pumps. F18PP4078STT [=] % VSD (Engineering Units). Configurable Range: 40 - 60% Setpoint used in F18-SEQ-0001 START. Range to be confirmed during commissioning. | J25: 2
A26: F18PP4078_T1 | B26: 2000-F18-PID-PR-10001 | C26: F18PP407/8 Startup Timer | D26: INACTIVE | E26: ACTIVE | F26: N | I26: Timer Duration: 30 seconds. Operator Configurable Range: 0 - 120 seconds. Timer to count-down from nominated duration. Used in F18-SEQ-0001. | J26: 2
A27: FIC18037_STT | B27: 2000-F18-PID-PR-10001 | C27: F18PP501/2 Startup | D27: INACTIVE | E27: ACTIVE | F27: N | I27: Operator-adjustable start-up setpoint variable for Cleaner Flotation Cell Recirculation Pumps. FIC18037_STT [=] m3/h (Engineering Units). Configurable Range: 1000 - 2000 m3/h. Setpoint used in F18-SEQ-0003. Range to be confirmed during commissioning. | J27: 2
A28: FIC18037_T1 | B28: 2000-F18-PID-PR-10001 | C28: F18PP501/2 Startup Timer | D28: INACTIVE | E28: ACTIVE | F28: N | I28: Timer Duration: 30 seconds. Operator Configurable Range: 0 - 120 seconds. Timer to count-down from nominated duration. Used in F18-SEQ-0003. | J28: 2
A29: FIC18037_OPP | B29: 2000-F18-PID-PR-10001 | C29: F18PP501/2 Operating Point | D29: INACTIVE | E29: ACTIVE | F29: N | I29: Operator-adjustable desired running setpoint variable for Cleaner Flotation Cell Recirculation Pumps. FIC18037_OPP [=] m3/h (Engineering Units). Configurable Range: 1800 - 2400 m3/h. Setpoint used in F18-SEQ-0003. Range to be confirmed during commissioning. | J29: C
A30: FIC18227_STT | B30: 2000-F18-PID-PR-10003 | C30: F18PP511/2 Startup | D30: INACTIVE | E30: ACTIVE | F30: N | I30: Operator-adjustable start-up setpoint variable for Cleaner-Scavenger Flotation Cell Recirculation Pumps. FIC18227_STT [=] m3/h (Engineering Units). Configurable Range: 1500 - 2000 m3/h. Setpoint used in F18-SEQ-0005. Range to be confirmed during commissioning. | J30: 2
A31: FIC18227_T1 | B31: 2000-F18-PID-PR-10003 | C31: F18PP511/2 Startup Timer | D31: INACTIVE | E31: ACTIVE | F31: N | I31: Timer Duration: 30 seconds. Operator Configurable Range: 0 - 120 seconds. Timer to count-down from nominated duration. Used in F18-SEQ-0005. | J31: 2
A32: FIC18227_OPP | B32: 2000-F18-PID-PR-10003 | C32: F18PP511/2 Operating Point | D32: INACTIVE | E32: ACTIVE | F32: N | I32: Operator-adjustable desired running setpoint variable for Cleaner-Scavenger Flotation Cell Recirculation Pumps. FIC18227_OPP [=] m3/h (Engineering Units). Configurable Range: 1800 - 2400 m3/h. Setpoint used in F18-SEQ-0005. Range to be confirmed during commissioning. | J32: C
A33: F18PP5134STT | B33: 2000-F18-PID-PR-10003 | C33: F18PP513/4 Startup | D33: INACTIVE | E33: ACTIVE | F33: N | I33: Operator-adjustable start-up setpoint variable for Cleaner-Scavenger Tails Pumps. F18PP5134STT [=] % VSD (Engineering Units). Configurable Range: 40 - 60% Setpoint used in F18-SEQ-0007 START. Range to be confirmed during commissioning. | J33: 2
A34: F18PP5134_T1 | B34: 2000-F18-PID-PR-10003 | C34: F18PP513/4 Startup Timer | D34: INACTIVE | E34: ACTIVE | F34: N | I34: Timer Duration: 30 seconds. Operator Configurable Range: 0 - 120 seconds. Timer to count-down from nominated duration. Used in F18-SEQ-0007. | J34: 2
A35: LIC18051_OPP | B35: 2000-F18-PID-PR-10002 | C35: F18CF501 Level Setpoint | D35: INACTIVE | E35: ACTIVE | F35: N | I35: Operator-adjustable desired level setpoint variable for Cleaner Flotation Cell . LIC18051_OPP [=] MM (Engineering Units). Configurable Range: 50 - 700MM Setpoint used in F18-SEQ-0009. Range to be confirmed during commissioning. | J35: C
A36: LIC18251_OPP | B36: 2000-F18-PID-PR-10004 | C36: F18CF511 Level Setpoint | D36: INACTIVE | E36: ACTIVE | F36: N | I36: Operator-adjustable desired level setpoint variable for Cleaner-Scavenger Flotation Cell . LIC18051_OPP [=] MM (Engineering Units). Configurable Range: 50 - 700MM Setpoint used in F18-SEQ-0010. Range to be confirmed during commissioning. | J36: C
A37: HS18027 | B37: 2000-F18-PID-PR-10001 | C37: Duty F18PP407/408 | D37: INACTIVE | E37: ACTIVE | F37: N | I37: Handswitch to switch between duty pump F18-PP-407 and 408. To be achieved on faceplate within DCS. | J37: C
A38: HS18037 | B38: 2000-F18-PID-PR-10001 | C38: Duty F18PP501/502 | D38: INACTIVE | E38: ACTIVE | F38: N | I38: Handswitch to switch between duty pump F18-PP-501 and 502. To be achieved on faceplate within DCS. | J38: C
A39: HS18227 | B39: 2000-F18-PID-PR-10003 | C39: Duty F18PP511/512 | D39: INACTIVE | E39: ACTIVE | F39: N | I39: Handswitch to switch between duty pump F18-PP-511 and 512. To be achieved on faceplate within DCS. | J39: C
A40: HS18237 | B40: 2000-F18-PID-PR-10003 | C40: Duty F18PP513/514 | D40: INACTIVE | E40: ACTIVE | F40: N | I40: Handswitch to switch between duty pump F18-PP-513 and 514. To be achieved on faceplate within DCS. | J40: C
A41: F17BW401_C1 | B41: 2000-F16-PID-PR-10006 | C41: F17BW401 Start Counter | D41: INACTIVE | E41: ACTIVE | F41: N | I41: Maximum number of starts per hour is 10 starts. Increase counter by 1 when drive is activated. When F17BW401_C1 = 10, interlock drive to prevent starting. Counter to reset after 1 hour since first start. | J41: B
A42: F17BW402_C1 | B42: 2000-F16-PID-PR-10006 | C42: F17BW402 Start Counter | D42: INACTIVE | E42: ACTIVE | F42: N | I42: Maximum number of starts per hour is 10 starts. Increase counter by 1 when drive is activated. When F17BW402_C1 = 10, interlock drive to prevent starting. Counter to reset after 1 hour since first start. | J42: B
A43: F17BW403_C1 | B43: 2000-F16-PID-PR-10006 | C43: F17BW403 Start Counter | D43: INACTIVE | E43: ACTIVE | F43: N | I43: Maximum number of starts per hour is 10 starts. Increase counter by 1 when drive is activated. When F17BW403_C1 = 10, interlock drive to prevent starting. Counter to reset after 1 hour since first start. | J43: B
A44: F17BW404_C1 | B44: 2000-F16-PID-PR-10006 | C44: F17BW404 Start Counter | D44: INACTIVE | E44: ACTIVE | F44: N | I44: Maximum number of starts per hour is 10 starts. Increase counter by 1 when drive is activated. When F17BW404_C1 = 10, interlock drive to prevent starting. Counter to reset after 1 hour since first start. | J44: B
A45: F18PP5134_IV | B45: 2000-F18-PID-PR-10003 | C45: F18PP513/514 Invalid Circuit | D45: Normal State | E45: Alarm State | F45: N | G45: 5 | H45: Mask when F18PP513 OR 514 Not Running | I45: Alarm when: - XV18242 Open AND XV18243 Open On-Delay: 5 seconds. | J45: 2
A47: =COUNTA(A7:A45) -> 39

Sheet 13. Alarm Database
A1: KCGM GROWTH PROJECT
A2: PROCESS CONTROL TABLES - FLOTATION (F16, F17, F18)
A3: 2000-F16-LST-PR-10001
A4: ALARM DATABASE
A6: Tag Name | B6: P&ID | C6: Abbreviated Description (Faceplate) | D6: Type | E6: Alarm State | F6: Alarm Value | G6: Alarm Units | H6: On Delay (sec) | I6: Alarm Masking Condition | J6: Impact | K6: Urgency | L6: Priority | M6: Operator Response | N6: Rev
A7: F18PP5134_IV | B7: 2000-F18-PID-PR-10003 | C7: F18PP513/4 Invld Circuit | D7: Digital | E7: Alarm | H7: 3 | I7: Mask when F18PP513 OR 514 Not Running | J7: Financial2: Loss equivalent greater than 1 hour and up to 6 hours production. Repairs costing $50k-$500k. | K7: Rapid (>5 to <15 minutes) | L7: High | M7: Operator to investigate if Cleaner-Scavenger Flotation Cell Tails Pump discharge locations both open is intentional. | N7: 2
A8: FI16001 | B8: 2000-F16-PID-PR-10001 | C8: Flotation HP Prcss Water | D8: Analogue | E8: A_Lo | F8: 200 | G8: m3/hr | H8: 5 | I8: DUTY F24PW417/418 NOT RUNNING | J8: Financial1: Loss equivalent up to 1 hour production. Repairs costing <$50,000 | K8: Prompt (>15 to <30 minutes) | L8: Low | M8: Operator to review process requirements for water addition. | N8: B
A9: FI16001 | B9: 2000-F16-PID-PR-10001 | C9: Flotation HP Prcss Water | D9: Analogue | E9: A_Hi | F9: 500 | G9: m3/hr | H9: 5 | I9: DUTY F24PW417/418 NOT RUNNING | J9: Financial1: Loss equivalent up to 1 hour production. Repairs costing <$50,000 | K9: Prompt (>15 to <30 minutes) | L9: Low | M9: Operator to review process requirements for water addition. | N9: B
A10: F16SW004_PS | B10: N/A | C10: F16SW004 ACB SHUNT TRIP | D10: Digital | E10: Alarm | H10: 0 | J10: Financial2: Loss equivalent greater than 1 hour and up to 6 hours production. Repairs costing $50k-$500k. | K10: Immediate (<5 minutes) | L10: Urgent | M10: Electrician to investigate | N10: 2
A11: F16SW004_AF | B11: N/A | C11: F16SW004 ARC FLASH | D11: Digital | E11: Alarm | H11: 0 | J11: Personnel3: Lost Time Injury > 48hrs. Severe, reversible health effects with potential to result in a lost time injury/illness. | K11: Prompt (>15 to <30 minutes) | L11: High | M11: Electrician to investigate | N11: 2
A12: F16SW004_TRP | B12: N/A | C12: F16SW004 BREAKER TRIP | D12: Digital | E12: Alarm | H12: 0 | J12: Financial1: Loss equivalent up to 1 hour production. Repairs costing <$50,000 | K12: Rapid (>5 to <15 minutes) | L12: Low | M12: Switchroom tripped. Electrician to investigate | N12: 2
A13: F16SW104Q1_TR | B13: N/A | C13: F16SW104 Breaker Trip | D13: Digital | E13: Alarm | H13: 0 | J13: Financial1: Loss equivalent up to 1 hour production. Repairs costing <$50,000 | K13: Rapid (>5 to <15 minutes) | L13: Low | M13: Switchroom tripped. Electrician to investigate | N13: 2
A14: F16SW104Q2_TR | B14: N/A | C14: F16SW104 Gen CB Trip | D14: Digital | E14: Alarm | H14: 0 | J14: Financial1: Loss equivalent up to 1 hour production. Repairs costing <$50,000 | K14: Rapid (>5 to <15 minutes) | L14: Low | M14: Electrician to investigate | N14: 2
A15: F16SW004_SD | B15: N/A | C15: F16 MCC Incomer Healthy | D15: Digital | E15: Alarm | H15: 0 | J15: Financial2: Loss equivalent greater than 1 hour and up to 6 hours production. Repairs costing $50k-$500k. | K15: Immediate (<5 minutes) | L15: Urgent | M15: Electrician to investigate | N15: 2
A16: F16SW005_PS | B16: N/A | C16: F16SW005ACB SHUNT24VDCOK | D16: Digital | E16: Alarm | H16: 0 | J16: Financial2: Loss equivalent greater than 1 hour and up to 6 hours production. Repairs costing $50k-$500k. | K16: Immediate (<5 minutes) | L16: Urgent | M16: Electrician to investigate | N16: 2
A17: F16SW005_AF | B17: N/A | C17: F16SW005 ARC FLASH | D17: Digital | E17: Alarm | H17: 0 | J17: Personnel3: Lost Time Injury > 48hrs. Severe, reversible health effects with potential to result in a lost time injury/illness. | K17: Prompt (>15 to <30 minutes) | L17: High | M17: Electrician to investigate | N17: 2
A18: F16SW005_TRP | B18: N/A | C18: F16SW005 BREAKER TRIP | D18: Digital | E18: Alarm | H18: 0 | J18: Financial1: Loss equivalent up to 1 hour production. Repairs costing <$50,000 | K18: Rapid (>5 to <15 minutes) | L18: Low | M18: Switchroom tripped. Electrician to investigate | N18: 2
A19: F16SW005_SD | B19: N/A | C19: F16SW005 INCOMER DIV OK | D19: Digital | E19: Alarm | H19: 0 | J19: Financial2: Loss equivalent greater than 1 hour and up to 6 hours production. Repairs costing $50k-$500k. | K19: Immediate (<5 minutes) | L19: Urgent | M19: Electrician to investigate | N19: 2
